,Judul,Konten
0,"Kuliah S1-S2 Cuma 5 Tahun, Ini Daftar Kampus yang Punya Program Fast Track",Program fast track di berbagai perguruan tinggi memungkinkan mahasiswa lulus S1 dan S2 dalam waktu 5 tahun. Bagaimana caranya? Simak di sini.
1,"Daya Tampung Unnes di SNBP-SNBP-Mandiri 2023, Cek Prodi Pilihanmu","Unnes mengumumkan informasi daya tampung SNBP, SNBT, dan SM-Unnes 2023. Berikut rincian kuota masing-masing prodinya"
2,Nostalgia Mahasiswa Geografi UGM Berseragam SMA Sampai Dosen Kaget,Tingkah mahasiswa Fakultas Geografi UGM angkatan 2022 yang kompak mengenakan seragam SMA saat jam perkuliahan viral di medsos. Ada kisah haru di baliknya.
3,Dispora Pastikan Lapangan Jatim Seger Gratis,Dispora Jatim memastikan lapangan Jatim Seger gratis untuk masyarakat umum. Pembebasan biaya itu berlaku mulai 20 Februari 2023.
4,Mahasiswa KKN UIN Makassar yang Meninggal Kecelakaan di Majene Jadi 2 Orang,"Mahasiswa KKN UIN Alauddin Makassar yang meninggal akibat kecelakaan di Kabupaten Majene, Sulawesi Barat (Sulbar) bertambah menjadi dua orang."
5,"Mahasiswa KKN UIN Makassar Pakai Motor Roda 3 Tabrak Pohon di Majene, 1 Tewas","Sebanyak 9 mahasiswa KKN UIN Alauddin Makassar yang mengendarai motor tiga roda menabrak pohon di Kabupaten Majene, Sulawesi Barat (Sulbar)."
6,Studi Ungkap Penyuka Kucing Lebih Pintar dari Penggemar Anjing,"Antara penyuka kucing atau penyuka anjing, kira-kira siapa yang lebih cerdas? Simak berikut ini penjelasannya menurut studi."
7,Awal Mula Ide Mahasiswa UGM Berseragam SMA hingga Bikin Dosen Kaget,Video mahasiswa UGM berseragam SMA saat jam perkuliahan viral di medsos. Pengunggah video itu menceritakan awal mula ide mereka memakai seragam putih abu-abu.
8,"Perjuangan Ali Fauzi Raih Gelar Doktor, Sempat Putus Asa-Ingin Drop Out","Ali Fauzi, eks napiter Bom Bali mengungkapkan kendala menulis disertasi doktornya dari kampus UMM. Simak selengkapnya."
9,Mahasiswa UGM Kompak Berseragam SMA di Kelas Fakultas Geografi,Aksi unik mahasiswa Universitas Gadjah Mada (UGM) yang kompak mengenakan seragam SMA saat perkuliahan dilakukan para mahasiswa dari Fakultas Geografi.
10,"Finalisasi PDSS Diperpanjang, Apakah Pengumuman SNBP Akan Diundur?","Panitia SNPMB menyatakan finalisasi PDSS diundur hingga Rabu, 22 Februari 2023. Apakah pengumuman SNBP juga diundur?"
11,Ternyata Ini Alasan Mahasiswa UGM Kompak Pakai Seragam SMA,Video aksi unik mahasiswa UGM berseragam SMA saat jam perkuliahan beredar di media sosial. Begini kata Kabag Humas dan Protokol UGM Dina W Kariodimedjo.
12,Bikin Dosen Kaget! Mahasiswa UGM Kompak Berseragam SMA di Kelas,Video aksi unik mahasiswa Universitas Gadjah Mada (UGM) berseragam SMA saat jam perkuliahan viral di media sosial. Begini cerita di baliknya.
13,"Penelitian Hampir 80 Tahun, Studi Harvard Ungkap Hal yang Buat Hidup Bahagia",Penelitian Harvard menunjukkan bahwa hubungan yang bahagia bisa membuat lebih sehat hingga tua. Ini hasil studinya.
14,8 Contoh Saran dalam Makalah yang Benar dan Cara Membuatnya,Saran adalah salah satu unsur yang terdapat di dalam makalah. Simak 8 contoh saran dalam makalah pada artikel ini.
15,Ali Fauzi Eks Napiter Bom Bali I Raih Gelar Doktor dari UMM,"Eks napiter Ali Fauzi meraih gelar doktor dari Universitas Muhammadiyah Malang (UMM). Ia meraih gelar tersebut setelah merampungkan kuliahnya selama 3,5 tahun."
16,Penerima KIP Kuliah Bisa Daftar Beasiswa Lain? Ini Ketentuannya,Apakah penerima KIP Kuliah bisa mendaftar beasiswa lain? Berikut ketentuan yang harus diketahui.
17,"Kuesioner Adalah Metode Pengumpulan Data, Ketahui Jenis dan Contohnya",Kuesioner merupakan salah satu cara terbaik untuk mengumpulkan data. Simak jenis dan contoh kuesioner di sini.
18,"Pemain Taxi Driver 2 Lee Je Hoon Jadi Korban Pelecehan Seksual, Ini Pelakunya","Pemain drama Korea Taxi Driver 2, Lee Je Hoon menjadi korban pelecehan seksual. Hal itu dilakukan seorang komedian wanita yang mengomentari fisiknya."
19,Soal Perayaan Hari Jadi Pura Mangkunegaran ke-266,Akan ada tribute Didi Kempot diacara Pura Mangkunegaran tahun ini.
20,Khidmat Ritual Peringati Tragedi Longsor di Cireundeu Cimahi,"Peringatan tragedi longsor Leuwigajah di Cireundeu, Kota Cimahi, berlangsung khidmat. Ada momentum kelam dari peristiwa ini."
21,"Ikan Lele Cegah Stunting, Cicip Abon Lele dari Jambi yang Nagih","Konsumsi ikan lele disebut Kepala BKKBN dr Hasto Wardoyo, SpOG mampu mencegah stunting anak. Jika bosan olahan biasa, coba abon lele kreasi mahasiswa Jambi ini."
22,Rachmat Gobel Beberkan Rencana Pembangunan IKN ke Parlemen Hungaria,"Wakil Ketua DPR RI Bidang Korinbang, Rachmat Gobel memaparkan pembangunan Ibu Kota Negara (IKN) baru di Kalimantan di hadapan pimpinan DPR Hungaria."
23,"Ada Beasiswa S2 di Belgia, Tunjangan Hingga Rp 155 Juta",Kementerian Pendidikan Belgia membuka beasiswa The Master Mind untuk mahasiswa berprestasi di seluruh dunia. Bisa dapat tunjangan hingga Rp 155 juta.
24,5 Prospek Kerja Lulusan Sastra Indonesia,Jurusan Sastra Indonesia masih jadi primadona bagi siswa SMA yang ingin melanjutkan studi di perguruan tinggi. Berikut prospek kerja lulusan Sastra Indonesia.
25,Warga Bisa Akses Ilmu Gratis dari Perguruan Tinggi? Ini Program 2 Pakar Pendidikan,Kitong Bisa Foundation dan Pijar Foundation menyediakan program baru bagi masyarakat yang ingin mengakses pengetahuan gratis dari perguruan tinggi.
26,Unpar Buka Jalur USM 2 bagi Calon Mahasiswa Baru 2023,Universitas Katolik Parahyangan (Unpar) Bandung membuka jalur Ujian Saringan Masuk (USM) 2 bagi calon mahasiswa baru 2023 mulai 13 Februari 2023 - 2 Mei 2023.
27,"Beasiswa Bank Indonesia 2023 Jabar buat Mahasiswa dan Siswa SMK, Yuk Daftar!","Ada sejumlah program Beasiswa Bank Indonesia 2023 untuk mahasiswa dan siswa SMK di Jabar, simak ketentuan selengkapnya di sini."
28,"Beasiswa Jalur Mandiri ITS 2023 Dibuka, Bebas Uang Sumbangan","ITS membuka beasiswa untuk jalur mandiri 2023, bebas uang Sumbangan Pengembangan Akademik (SPA) dan Sumbangan Pengembangan Institusi (SPI)."
29,"Mengenal Konflik Sosial, Penyebab, Dampak, dan Contohnya","Konflik sosial sering terjadi di masyarakat. Simak penyebab, dampak, dan contoh konflik sosial di sini."
30,"Ketentuan Khusus SNBP di UNS 2023, Prestasi sampai Tinggi Badan","UNS menerapkan sejumlah ketentuan khusus di SNBP 2023 pada sejumlah prodi, mulai dari prestasi, buta warna parsial, tinggi badan, hingga khusus perempuan."
31,"17 Kompetisi Ajang Talenta Kemendikbudristek 2023, Mahasiswa Bersiap Yuk!",Kemendikbudristek menggelar 17 ajang talenta bagi mahasiswa di seluruh perguruan tinggi Indonesia pada tahun 2023. Cek yuk apa saja kompetisinya.
32,Menanti Janji Pemerintah 'Pasrahkan' Lahan Eks TPA Cireundeu ke Warga,"18 tahun lalu, 157 nyawa melayang dalam tragedi longsor sampah yang terjadi di TPA Cireundeu, Kelurahan Leuwigajah, Kecamatan Cimahi Selatan, Kota Cimahi."
33,"3 Jalur Mandiri UGM 2023, Calon Mahasiswa Baru Siap-siap!","UGM umumkan apa saja jalur mandiri yang akan dibuka bagi calon maba sarjana dan sarjana terapan 2023. Selain itu, segini jumlah kuotanya."
34,Tips Membuat CV Bagi yang Belum Memiliki Pengalaman Kerja,"Curriculum Vitae (CV) merupakan dokumen yang berisi riwayat hidup seseorang. Namun, apa yang harus ditulis jika belum memiliki pengalaman bekerja?"
35,Jalur SNBP di UNIMED? Berikut Jadwal dan Kuota Tiap Jurusan!,"Jalur SNBP di Unimed kini sudah dibuka. Bagi detiker yang ingin mencoba masuk Unimed SNBP, bisa cek informasinya di sini."
36,"Ketentuan Portofolio Bidang Seni dan Olahraga SNBP-SNBT 2023, Persiapkan Yuk!",Peserta SNBP dan SNBT 2023 harus memperhatikan portofolio yang nanti diunggah saat pendaftaran. Berikut ketentuannya.
37,"Aniaya Mantan Pacar, Mahasiswa Pelita Harapan Dikeluarkan!","Seorang mahasiswa Universitas Pelita Harapan (UPH) dicabut status kemahasiswaannya karena diduga menganiaya mantan pacarnya, mahasiswi UPH. Begini kasusnya."
38,Kasus Aniaya Mantan Pacar Bikin Mahasiswa UPH Dikeluarkan Kampus,Pihak UPH mengambil keputusan mencabut status kemahasiswaan pelaku dugaan penganiayaan mantan pacarnya. UPH meminta pelaku bertanggung jawab.
39,"Hari Bahasa Ibu Internasional 2023: Sejarah, Tema, dan Cara Merayakan","Hari Bahasa Ibu Internasional diperingati setiap tanggal 21 Februari. Berikut sejarah, tema dan cara memperingati Hari Bahasa Ibu Internasional 2023."
40,KPK Ungkap Konstruksi Perkara Kasus Suap Bupati Mamberamo Tengah,Bupati Mamberamo Tengah Ricky Ham Pagawak resmi ditahan KPK atas kasus dugaan suap. Begini konstruksi perkaranya.
41,5 Ide Usaha Sampingan untuk Mahasiswa,Mahasiswa biasanya ingin mendapatkan penghasilan sendiri sebagai uang tambahan dari orang tua. Berikut sederet ide usaha sampingan yang bisa dicoba mahasiswa.
42,5 Rekomendasi Kado Wisuda untuk Sahabat dan Orang Tercinta,Wisuda merupakan momen yang membahagiakan sekaligus berkesan. Berikut sederet rekomendasi kado wisuda untuk sahabat dan orang tercinta.
43,Tegas! UPH DO Mahasiswa yang Viral Aniaya Mantan Pacar,UPH memberikan sanksi pencabutan status kemahasiswaan alias drop out (DO) kepada mahasiswanya yang diduga menganiaya mantan pacarnya yang juga mahasiswi UPH.
44,Mendobrak Stigma Gen Z Melalui TEDx Sampoerna University,"Ada beberapa stigma yang disematkan ke Gen Z. Antara lain serbacepat, termasuk dalam menyimpulkan sesuatu. Bisakah stigma itu didobrak?"
45,Hakim MK Tegur Pemohon Perppu Ciptaker: Tidak Boleh Kaitkan Politik,Hakim Konstitusi Anwar Usman sempat menegur pemohon gugatan Perppu  Ciptaker di sidang. Anwar menegaskan sidang di MK tidak boleh dikaitkan dengan politik.
46,Massa GMNI Demo Walkot Padang Buntut Rumah Singgah Bung Karno Dirubuhkan,Sejumlah mahasiswa dari Gerakan Mahasiswa Nasionalis Indonesia (GMNI) Sumatera Barat (Sumbar) berunjuk rasa di depan rumah dinas Wali Kota Padang.
47,"Ketentuan Perpanjangan Pengisian PDSS untuk SNBP 2023, Catat!","Sekolah yang belum menyelesaikan pengisian PDSS untuk SNBP diberi perpanjangan waktu dua hari. Namun, ada ketentuannya."
48,10+ Contoh Kesimpulan Makalah yang Benar Berbagai Tema,"Para siswa, mahasiswa, dan pejuang skripsi, simak 10 contoh kesimpulan yang benar dari berbagai tema di sini."
49,"Rumah Singgah Bung Karno Dirubuhkan, GMNI Demo Walkot Padang",Sejumlah mahasiswa dari GMNI Sumbar berunjuk rasa di depan rumah dinas Wali Kota Padang. Mereka memprotes rubuhnya rumah singgah Bung Karno di Padang.
50,"Keterangan Presiden Belum Siap, MK Tunda Sidang Gugatan Perppu Ciptaker",Sidang lanjutan gugatan uji formil dan materiil Perppu Ciptaker ditunda karena keterangan Presiden Jokowi belum siap.
51,"Ketua SNPMB Singgung Sekolah yang Bikin Siswanya Tak Bisa Ikut SNBP, Ingatkan Ini","Ketua SNPMB, Prof Ashari menyenggol sekolah yang kurang perhatian soal pengisian PDSS. Dia pun mengingatkan sekolah untuk melakukan hal ini."
52,"10 Prodi Unand dengan Keketatan Tertinggi, Referensi SNBP-SNBT 2023",Unand merilis 10 prodi dengan keketatan tertinggi berdasarkan data seleksi mahasiswa baru tahun 2022. Berikut daftar prodi beserta keketatannya.
53,Relawan Ganjar Gelar Sunat Massal-Penyuluhan Gratis di Bandung Barat,"Orang Muda Ganjar Jabar menginisiasi cek kesehatan berupa gula darah, asam urat, dan kolesterol. Serta, penyuluhan kesehatan secara gratis bagi masyarakat."
54,Dirjen Dikti: Banyak Perusahaan Tidak Lagi Lihat Ijazah di Amerika,"Di era digital, banyak perusahaan teknologi di Amerika Serikat yang tidak lagi melihat ijazah. Kini, skill seperti AI dan cloud computing yang banyak dicari."
55,"Cheesecake Expert, Toko Dessert Jogja: Harga, Lokasi-Jam Buka","Cheesecake Expert Jogja jadi toko dessert pilihan di Jogja. Berikut ini lokasi, daftar harga, jam buka, hingga fasilitas Cheesecake Expert."
56,"Kuota Google Bangkit Melonjak Jadi 9.000, Ada Ribuan Lowongan untuk Lulusan",Program Bangkit 2023 dari Google dan Kemendikbudristek akan diadakan selama dua batch. Lulusannya dapat ribuan lowongan kerja.
57,"Dear Mahasiswa, Program Bangkit Hadir Lagi Bawa Pelatihan Android-Cloud","Program Bangkit kembali hadir untuk memberikan pelatihan kepada ribuan mahasiswa tentang Android, machine learning hingga cloud computing."
58,"Setianya Jajang, Puluhan Tahun Jadi Penunggu Rumah Inggit Garnasih","Mengenal Jajang, sang penunggu rumah Inggit Garnasih di Kota Bandung."
59,"15 Prodi Baru UI di SNBT dan SNBP 2023, Cek Daya Tampungnya di Sini",Mau masuk UI lewat SNBT dan SNBP 2023? Simak daftar prodi baru UI yang bisa detikers pilih tahun ini.
60,"Cetuskan Antiperang di Instagram, Mahasiswi Rusia Terancam 10 Tahun Bui","Olesya mengunggah konten mengenai invasi Rusia ke Ukraina, saat ini dia menjadi tahanan rumah dan hanya boleh keluar untuk pergi ke persidangan."
61,"25.952 Mahasiswa Ikut Magang & Studi Independen Bersertifikat 4, Ini Manfaatnya",25.952 Mahasiswa mengikuti Program Magang dan Studi Independen Bersertifikat (MSIB) Angkatan 4. Apa manfaat yang didapat mereka nantinya?
62,"Penyuka Kucing Lebih Pintar dari Penggemar Anjing, Benarkah?","Penelitian ini mengungkap mana yang lebih pintar di antara penyuka kucing atau anjing. Kalau detikers, tergolong yang mana?"
63,Kabar Teranyar dari Mahasiswi UPH Viral Dianiaya Mantan Pacar,Kabar terbaru menyebutkan AS sudah diperiksa polisi.
64,Ini Kasus yang Jerat Bupati Mamberamo Tengah hingga Ditangkap KPK,Ini kasus yang menjerat Bupati Mamberamo Tengah Ricky Ham Pagawak hingga ditangkap KPK.
65,MPR Buat Program Baru Kenalkan Pendidikan Karakter di Era Milenial,MPR RI meluncurkan program baru yang diberi nama Forum Konsultasi Publik dengan 4 program yang akan digelar di beberapa kampus pilihan.
66,"Rekomendasi Tempat Camping di Sukabumi, Cocok buat Liburan Keluarga",Berwisata di Kota Sukabumi tentu kurang lengkap jika belum mengunjungi tempat wisata Aku Cantik. Tempat ini cocok dikunjungi bersama keluarga saat liburan.
67,"Rekomendasi Sekolah Kedinasan buat Anak IPS, Kuliah Gratis dan Jadi CPNS",Detikers anak IPS di sekolah? Ada sejumlah sekolah kedinasan buat anak IPS yang bisa jadi pertimbangan kuliah tahun ini. Simak lengkapnya di sini.
68,"BEM UI Sebut Wacana Tunda Pemilu 2024 Bikin Resah Publik, KPU Jawab Begini",Ketua BEM UI Melki Sedek menyoroti wacana penundaan pemilu yang dianggap membuat resah di masyarakat. KPU merespons pernyataan Ketua BEM UI tersebut.
69,BEM se-Madura Dukung Reaktivasi Rel Kereta Api di Pulau Garam,"Reaktivasi rel kereta api di Madura mendapat dukungan mayoritas warga. Karena itu, pemerintah diminta segera menganggarkan program itu pada APBN 2023 mendatang."
70,"PENA 98 Rilis Kriteria Capres 2024, Bakal Serahkan ke Partai-partai","Sekjen PENA 98 sekaligus politikus PDIP, Adian Napitulu, mengatakan pihaknya bakal mengirimkan kriteria capres 2024 tersebut ke tiap partai politik."
71,"Kerjasama Bareng Mahasiswa UNS, Petani Klaten Panen Padi Rojolele Organik","Petani Desa Glagahwangi, Klaten panen Rojolele konversi organik bekerjasama dengan mahasiswa KKN UNS Solo."
72,"Gurihnya Abon Lele Buatan Mahasiswa Unja, Cocok Pendamping Makanan",Mahasiswa Unja berhasil membuat abon ikan lele. Ide membuat abon lele ini muncul ketika mahasisa Unja membantu pengembangan lele di Muaro Jambi.
73,Kriminal Bali Sepekan: Kasus Korupsi SPI Unud-Dana Hibah Pilbup Badung,Berikut rangkuman berita terpopuler kriminal Bali sepekan
74,"Mahasiswi UB Peraih IP 4,0 di Michigan State University Beri Tips Lolos IISMA","Rafa, mahasiswa UB berhasil meraih IP 4,0 di Michigan State University. Berikut tips lolos IISMA 2023 dari Rafa."
75,Contoh Karya Ilmiah yang Bisa Jadi Referensi,Karya ilmiah merupakan karya tulis yang berisi hasil penelitian atau pembahasan penulis/peneliti. Berikut contoh karya ilmiah yang bisa jadi referensi.
76,5 Fakta Gempar Curhat Mahasiswi UPH Dianiaya Sadis Mantan Pacar,Mahasiswi UPH curhat di media sosial menjadi korban penganiayaan mantan pacar. Berikut lima fakta mengenai peristiwa tersebut.
77,Misteri Hilangnya Penumpang Audi dan Obrolan 'Settingan' Kompol D,"Nur, penumpang Audi yang terlibat penabrakan mahasiswi Cianjur menghilang. Sosok Nur yang hilang berbarengan dengan munculnya rekaman obrolan 'settingan'."
78,"Drama Geng Motor Sadis di Cimahi: Membunuh, Kabur, Ditangkap","Drama geng motor sadis di Cimahi berakhir. Usai membunuh korban, kabur ke berbagai daerah, kelima pelaku berujung ditangkap polisi."
79,Geger Dosen-Mahasiswi Unimen Kepergok Mesum di Perpustakaan Malam Hari,"Seorang dosen di Universitas Muhammadiyah Enrekang, Sulawesi Selatan kepergok mesum dengan mahasiswi di perpustakaan kampus."
80,Mahasiswi UNS Ini Lolos Magang Riset di NPUST Taiwan Berkat Beasiswa TEEP,"Livy, seorang mahasiswi UNS berkesempatan magang riset di NPUST Taiwan. Livy sukses magang riset setelah lolos beasiswa TEEP."
81,Rum Aly Luncurkan Buku Cerita Perjalanan HR Dharsono Jenderal Idealis,Mantan aktivis sekaligus penulis Rum Aly meluncurkan buku berjudul 'Kisah Seorang Jendral Idealis H.R. Dharsono'.
82,Dosen dan Mahasiswi Unimen Sulsel Kepergok Mesum di Perpustakaan Kampus,"Seorang dosen dan mahasiswa di Universitas Muhammadiyah Enrekang (Unimen), Sulawesi Selatan (Sulsel), kepergok mesum di kampus. Rektor Unimen membenarkan."
83,Polisi Usut Kasus Viral Mahasiswi UPH Dianiaya Mantan Pacar,Mahasiswi UPH curhat di media sosial soal kekerasan yang dilakukan mantan pacar terhadapnya. Kasus ini telah dilaporkan ke polisi dan mulai diusut polisi.
84,Dosen dan Mahasiswi Unimen Enrekang Kepergok Mesum di Perpustakaan Kampus,"Dosen dan mahasiswi di Universitas Muhammadiyah Enrekang (Unimen), Sulawesi Selatan kepergok berbuat mesum di kampus. Rektor Unimen membenarkan."
85,UPH Proses Kasus Viral Mahasiswi Dianiaya Mantan Pacar,Seorang mahasiswi UPH berinisial AS mengaku berkali-kali menjadi korban kekerasan dari mantan pacarnya yang juga mahasiswa UPH. UPH memproses laporan korban.
86,"Kompor Surya Buatan Mahasiswa UMM, Bisa Bantu Korban Gempa Turki",Mahasiswa UMM berhasil membuat kompor surya sebagai alternatif dalam membantu korban bencana alam. Begini cara kerjanya.
87,"3 Rekan Bripka RAM, Pencuri Motor Warga Ditangkap Polresta Bandar Lampung","Polisi menangkap 3 rekan Bripka RAM, polisi yang kedapatan mencuri motor milik warga di Bandar Lampung."
88,"Daya Tampung Unsoed 2023 Jalur SNBP-SNBT-SPMB Mandiri, Cek Prodi Tujuanmu Yuk!","Pada tahun 2023, Unsoed membuka pendaftaran mahasiswa baru lewat jalur SNBP, SNBT, dan SPMB Mandiri. Cek daya tampungnya yuk!"
89,"Prakerja 2023 Gelombang 48 Resmi Dibuka, Fresh Graduate Bisa Langsung Daftar!",Program Kartu Prakerja 2023 resmi dibuka dengan skema fokus pada peningkatan keahlian. Cek yuk syarat dan ketentuannya.
90,"Viral Dialami Mahasiswa UPH, Ini Bentuk Kekerasan dalam Pacaran-Cara Menghindari",Viral mahasiswa UPH jadi korban penganiayaan pacar. Kasus kekerasan dalam pacaran masuk ke tiga terbesar kasus kekerasan di ranah privat terbanyak di Indonesia.
91,Kematian Tragis Mahasiswi Mercu Buana Jogja di Embung Tambakboyo,"Mahasiswi Mercu Buana Jogja inisial V (20) ditemukan tewas di Embung Tambakboyo, Depok, Sleman. Korban diketahui memiliki tunggakan biaya kuliah."
92,Mau Kuliah S2 Tapi Takut Keluarga Terabaikan? Begini Tips Pakar Unpad,"Dosen Psikologi Unpad, Dr Fitri Ariyanti memiliki beberapa tips menyeimbangkan studi dan pendidikan untuk para mahasiswa pascasarjana yang sudah berkeluarga."
93,Cerita Mahasiswa Kampus Mengajar di Sekolah Penempatan,"Mahasiswa UPI R Dara Sakhila bertugas di SDN 02 Bojong, Jabar lewat Kampus Mengajar. Begini kisahnya di sekolah bersama guru dan siswa."
94,Catat! Ini Syarat Tinggi Badan Calon Taruna di 5 Sekolah Kedinasan,Sekolah kedinasan di Indonesia menjadikan tinggi badan sebagai salah satu syarat pendaftaran bagi calon mahasiswa baru atau taruna.
95,Mahasiswi Asal Sidoarjo Ini Dilaporkan Hilang,"Mahasiswi asal Sidoarjo, Casey Clarissa Gondo dilaporkan hilang. Siapa pun yang menjumpai Casey diharapkan melapor ke polisi."
96,"Cok Ace Sayangkan Korupsi Dana SPI Unud Rp 3,8 Miliar",Wakil Gubernur Bali Cok Ace menyayangkan kasus korupsi dana sumbangan pengembangan institusi (SPI) yang menjerat tiga pejabat Universitas Udayana (Unud).
97,Komisi X DPR Angkat Suara soal Kasus Korupsi Dana SPI 3 Pejabat Unud,Wakil Ketua Komisi X DPR RI Agustina Wilujeng Pramestuti mengomentari kasus korupsi dana SPI yang menjerat tiga pejabat Universitas Udayana (Udayana).
98,"Wanita Tewas di Embung Sleman Disebut Kesulitan Uang Kuliah, Ini Kata Kampus",Pihak kampus mengakui bahwa korban adalah mahasiswinya. Korban juga memiliki tunggakan uang kuliah.
99,"Beasiswa Kaltim Tuntas 2023, Syarat dan Cara Daftar",Pendaftaran Beasiswa Kaltim 2023 akan dibuka mulai 20 Februari 2023. Pendaftaran akan ditutup pada 31 Maret 2023.
100,Cara Buat Akun SNPMB untuk Ikut Tes SNBT 2023,Pembuatan akun Seleksi Nasional Penerimaan Mahasiswa Baru (SNPMB) tahun 2023 telah dibuka. Pendaftaran hingga 3 Maret 2023.
101,Ketua NasDem Lampung Bantah Mangkir Bersaksi Kasus Unila di Pengadilan,Herman HN mengaku tak menerima surat panggilan untuk bersaksi di pengadilan. Herman juga membantah telah menitipkan mahasiswa masuk Unila lewat jalur suap.
102,"Ditutup Besok, Ini Alur dan Jurusan Program Beasiswa KNB di Sanata Dharma",Ada 27 perguruan tinggi yang ditunjuk sebagai pengelola beasiswa Kemitraan Negara Berkembang (KNB). Salah satunya Universitas Sanata Dharma (USD) Jogja.
103,"Ngaku Nyesal, Ini Pengakuan Penganiaya Taruna Poltekpel Surabaya hingga Tewas","AF, tersangka pemukulan hingga tewas taruna Poltekpel Surabaya menyesali perbuatannya. AF mengaku pemukulan dilakukan karena korban tak respek ke seniornya."
104,Majelis Ulama Indonesia Nyatakan Es Krim Mixue Halal,Mixue Ice Cream & Tea akhirnya mengantongi sertifikat halal dari Majelis Ulama Indonesia (MUI).
105,"5 Beasiswa Kemenkes untuk Tenaga Kesehatan 2023, Cek Yuk!","Kemenkes RI membuka lima beasiswa bagi tenaga kesehatan dan mahasiswa di bidang kesehatan tahun 2023. Cek ketentuannya di sini, yuk!"
106,"Mengenal Fanatisme Adalah: Pengertian, Ciri, Jenis, dan Dampaknya","Fanatisme adalah perilaku/keyakinan seseorang terhadap suatu hal secara ekstrem atau berlebihan. Berikut adalah ciri-ciri, jenis, dan dampak dari fanatisme."
107,"Pendataan KJMU Tahap 1 2023 Segera Dibuka, Bantuan Rp 9 Juta Per Semester",Pendataan KJMU Tahap 1 2023 dibuka mulai 20 Februari 2023. Lulusan 2020 hingga 2023 yang diterima di PTN dan PTS bisa daftar maksimal semester 4.
108,"Tampang Bripka RAM, Polisi Pencuri Motor Warga di Lampung","Oknum polisi anggota Polres Lampung Timur, Bripka RAM ditetapkan sebagai tersangka pencurian sepeda motor di Bandar Lampung. Ini tampangnya."
109,"Nadiem Puji Film 'Si Warik' Karya Udinus, Mampu Saingi Produksi Walt Disney","Mendikbudristek Nadiem Makarim memuji kualitas film animasi ""Si Warik"" yang diproduksi Prodi D4 Animasi Universitas Dian Nuswantoro."
110,"Pengamat Medsos: Isu Ferdy Sambo Turun, Sentimen Positif Polri Naik","Pengamat media sosial melihat ada peningkatan sentimen positif untuk Polri. Sementara itu, perbincangan soal Ferdy Sambo mengalami penurunan."
111,Nadiem: Mahasiswa Kampus Mengajar Paling Berani Keluar dari Zona Nyaman,Mendikbudristek Nadiem Makarim mengapresiasi mahasiswa Kampus Mengajar yang giat berkontribusi untuk mendukung literasi dan numerasi siswa sekolah.
112,Merekam Kekerasan Seksual di Kampus,"Pada 2018 beberapa media menggagas kolaborasi liputan kekerasan seksual di perguruan tinggi, mengakuisisi tagline 'nama baik kampus'."
113,Catat! Unja Buka Kuota 1.200 Mahasiswa di KIP Kuliah 2023,Unja menyiapkan kuota 1.200 mahasiswa dengan KIP Kuliah atau KIP-K Merdeka untuk mahasiswa baru di tahun 2023. Berikut syarat penerimanya.
114,"Syarat Tinggi Badan Sekolah Kedinasan, Calon Maba-Taruna Simak Ya!","Jelang pembukaan seleksi masuk sekolah kedinasan, simak syarat tinggi badan sekolah kedinasan berdasarkan penerimaan tahun lalu di sini."
115,Sekolah Kedinasan Ini Tidak Ada Syarat Buta Warna bagi Pendaftarnya,Ada sekolah kedinasan yang tidak mencantumkan syarat bebas buta warna bagi pendaftarnya. Simak syarat pendaftarannya di sini.
116,"Polisi Curi Motor di Bandar Lampung, Ini Respons Polres Lampung Timur","Oknum anggota Polres Lampung Timur, Bripka RAM ditangkap karena mencuri motor di Bandar Lampung. Dia terancam dipecat dari anggota Polri."
117,"Cara Daftar Akun SNPMB buat Ikut SNBT 2023, Tutup 3 Maret!",Pendaftaran akun SNPMB bagi calon peserta SNBT 2023 dibuka hingga 3 Maret 2023. Berikut cara daftar akun SNPMB selengkapnya.
118,"Polisi di Lampung Curi Motor, Ditangkap gegara Tas Tertinggal","Oknum polisi di Lampung Timur, Bripka RAM ditangkap karena mencuri sepeda motor. Dia ketahuan sebagai pelaku setelah tas berisi identitas tertinggal di lokasi."
119,"Beasiswa Kaltim 2023 Segera Dibuka buat Mahasiswa Diploma, S1, hingga S3",Pemerintah Provinsi Kalimantan Timur kembali menyediakan Beasiswa Kaltim 2023 untuk mahasiswa. Berikut syarat dan cara pendaftarannya
120,"Mixue Kantongi Sertifikat Halal, Begini Profilnya",Gerai es krim Mixue akhirnya mengantongi sertifikat halal dari MUI. Intip profil dan perjalanan Mixue.
121,"Cara Daftar KIP Kuliah untuk SNBP 2023, Jangan Terlewat!","Yuk, lanjut ke jenjang perkuliahan dengan KIP Kuliah Merdeka. Berikut cara daftar KIP Kuliah untuk calon peserta SNBP 2023."
122,Empat Pria Pengedar Narkoba ke Pelajar Ngawi Diringkus,Empat pengedar narkoba dengan sasaran pelajar Ngawi diringkus polisi. Empat pelajar pengguna direhabilitasi.
123,Akhir Pelarian Geng Motor Brutal di Cimahi,Lima anggota geng motor di Cimahi ditangkap dalam masa pelarian ke berbagai daerah. Mereka ditangkap usai membacok mahasiswa di Cimahi.
124,UI: Tidak Ada Penjatahan Kuota Per SMA di SNBP,UI menegaskan tidak melakukan penjatahan kuota siswa pada tiap SMA yang diterima melalui jalur SNBP.
125,Profil Mixue yang Akhirnya Dapat Sertifikat Halal,Majelis Ulama Indonesia (MUI) telah menetapkan fatwa tentang kehalalan produk Mixue Ice Cream & Tea.
126,"Sekolah Kedinasan yang Pendaftarnya Boleh Pakai Kacamata, Minus Berapa?","Beberapa sekolah kedinasan membolehkan taruna dan mahasiswa memiliki mata minus, plus, atau silinder. Ini sekolah kedinasan yang pendaftarnya bisa berkacamata."
127,Srikandi Ganjar DIY Gelar Pelatihan Olah Cokelat dengan Daun Kelor,Relawan Srikandi Ganjar Daerah Istimewa Yogyakarta (DIY) menggelar pelatihan pengolahan daun Kelor menjadi cokelat.
128,"Contoh Soal PAS IPS Kelas 8 Semester 1 Plus Jawaban-Pembahasan, Pelajari Yuk!",Berikut kumpulan contoh soal PAS IPS kelas 8 semester 1 beserta jawaban dan pembahasan. Yuk berlatih!
129,Islamisme Obama,"Meski bukan seorang muslim, akan tetapi Obama dapat diistilahkan dengan Islamisme. Seperti apa Islamisme Obama?"
130,Penadah Proyektor Curian Mahasiswa UINSA Divonis 7 Bulan Penjara,Penadah proyektor hasil curian mahasiswa UINSA divonis 7 bulan penjara. Terdakwa terbukti membeli proyektor hasil kejahatan dua terdakwa.
131,Motor Mahasiswi Kedokteran di Surabaya Dicuri Kekasihnya Sendiri,Aditya mencuri dan menjual motor pacarnya sendiri. Sang pacar tak terima dan melaporkan kasus itu ke polisi. Aditya pun divonis 4 bulan bui.
132,"3 Sekolah Kedinasan di Bali, Apa Saja?",Setidaknya ada tiga sekolah kedinasan yang berlokasi di Bali. Simak ulasan selengkapnya!
133,"FK Unair Punya Prodi Magister Pendidikan Dokter, Seperti Apa?",FK Unair membuka prodi baru Magister Pendidikan Dokter 2023. Saat ini sudah masuk Pusat Penerimaan Mahasiswa Baru (PPBM). Ada yang membedakan prodi baru Unair.
134,Apakah Siswa Boleh Minta Indeks Sekolah untuk SNBP? Begini Penjelasan Pansel,Salah satu faktor yang paling krusial dalam SNBP adalah indeks sekolah. Bolehkah siswa yang akan mengikuti jalur SNBP meminta indeks sekolah tersebut ke PTN?
135,Tips Persiapan Karir bagi Mahasiswa dari Billy Mambrasar: Berorganisasi-Fleksibel,Staf Khusus Presiden RI Billy Mambrasar memberikan tips persiapan berkarir bagi mahasiswa: berorganisasi dan fleksibel. Ini penjelasan Billy.
136,"30 Contoh Soal Sosiologi Kelas 10 Kurikulum Merdeka, Bisa buat Belajar Nih!",Siswa kelas 10 bisa belajar contoh soal sosiologi Kurikulum Merdeka berikut ini. Ada 30 soal yang bisa dipelajari!
137,Temukan Kampus Terbaik Kamu di International Education Expo 2023,Di International Education Expo siswa yang akan melanjutkan S1 & S2 bisa mengunjungi bermacam booth dari kampus ternama luar negeri.
138,Terungkap Peran Ketua NasDem Lampung di Kasus Suap PMB Unila,Mantan Wali Kota Bandar Lampung yang kini Ketua NasDem Lampung terseret dalam pusaran kasus suap PMB Unila dengan terdakwa Karomani. Begini perannya.
139,"Cerita Si Kembar Mahasiswa Kedokteran UI, Masing-masing Punya Hobi Unik","Cerita insipiratif kali ini datang dari si Kembar mahasiswa Kedokteran UI, Farhan dan Ekida. Menekuni dunia yang sama, namun mereka memiliki hobi unik."
140,Kapal Kesehatan Masyarakat Inovasi Alumni ITS Berlayar ke Daerah Pelosok,Alumni ITS menciptakan inovasi Kapal Kesehatan Masyarakat. Kapal ini untuk menjangkau masyarakat pedalaman yang kesulitan mengakses sarana kesehatan.
141,Ketua NasDem Lampung Mangkir Bersaksi Kasus Suap Unila di Pengadilan,"3 saksi fakta tak hadir memenuhi panggilan KPK untuk bersaksi di pengadilan di kasus suap Unila. Salah satu yang mangkir adalah Herman HN, Ketua NasDem Lampung."
142,Eri Cahyadi Siapkan Surabaya Jadi Kota Layak Anak Dunia,Pemerintah kota Surabaya tengah mengupayakan untuk menjadi Kota Layak Anak Dunia atau jaringan global Child Friendly Cities Initiatives (CFCI) UNICEF.
143,"14 Jenis Beasiswa ITS untuk Maba ITS, Ini Rinciannya!","ITS menjabarkan ada sejumlah beasiswa untuk para mahasiswa di kampusnya. Selain itu, calon maba jalur seleksi mandiri juga disediakan beasiswa lainnya. Apa itu?"
144,Anggota Geng Motor Pembacok Mati Remaja Cimahi Ditangkap!,Lima pria yang merupakan anggota geng motor Pelajar Moonraker ditangkap polisi dari Polres Cimahi. Mereka merupakan pembacokam remaja di Cimahi.
145,"Contoh Teks Persuasi Lingkungan, Kesehatan, dan Pendidikan Singkat","Pahami teks persuasi dan strukturnya dengan menelaah contoh teks persuasi lingkungan, kesehatan, dan pendidikan berikut."
146,"Lowongan Magang Riset di Korea buat Mahasiswa S1 & S2, Begini Syaratnya",Lowongan magang di Korea Selatan dibuka Gwangju Institute of Science and Technology di laboratoriumnya lewat Global Intern Program (GIP) 2023.
147,GMKI: Vonis Eliezer Pelajaran agar Junior Tak Perlu Ikuti Senior Jahat,"Bharada Richard Eliezer divonis 1,5 tahun bui. GMKI mengapresiasi seraya menilai bahwa kini Eliezer bakal menjadi legenda hidup yang dapat diambil pelajaran."
148,RS Terapung Unair Usulkan Ilmu Kedokteran Petualangan & Daerah Terpencil,RS Terapung Ksatria Airlangga (RSTKA) Unair mengusulkan ilmu kedokteran adventure and remote medicine berkembang lebih jauh untuk warga Indonesia.
149,"Bestie! Bupati Bandung Bagi-bagi Beasiswa Gratis, Ini Cara Daftarnya",Pemkab Bandung membagi-bagikan beasiswa gratis untuk mahasiswa dan siswa kelas XII SMA/SMK/MA/Sederajat lewat program Beasiswa Ti Bupati (Besti)
150,Cek Daftar Prodi Unpad dengan Daya Tampung Terbanyak di SNBP 2023!,Unpad memiliki beberapa prodi yang menampung peserta terbanyak di SNBP 2023. Cek datanya di sini.
151,Jadwal Lengkap Pendaftaran KIP Kuliah untuk SNBT 2023,"Pendaftaran KIP Kuliah 2023 resmi dibuka. Selain bisa digunakan untuk SNBP, siswa juga bisa mendaftar di SNBT. Ini jadwalnya."
152,Seberapa Besar Peluang Anak IPS Bisa Masuk Saintek di SNBP? Begini Jawabannya,"Pada SNBP dan SNBT, siswa IPA sampai bahasa bisa pilih lintas jurusan. Namun, simak seberapa besar peluang anak IPS dan bahasa bisa masuk saintek."
153,"Teliti soal Pekerja Rumahan, Mahasiswa UNY Lulus S2 dengan IPK Sempurna 4,0","Yhola Kiki Nor Faridha berhasil lulus S2 di UNY dengan IPK 4,0. Ini hasil penelitiannya."
154,"Korupsi SPI Unud Rp 3,8 M: Tuntutan BEM vs Bantuan Kampus untuk Tersangka","Simak fakta-fakta baru kasus dugaan korupsi dana SPI Unud Rp 3,8 miliar, antara tuntutan BEM PM Unud versus bantuan kampus terhadap para tersangka"
155,6 Kasus Penyalahgunaan ChatGPT yang Mengerikan,"ChatGPT, program kecerdasan buatan dari OpenAI, semakin populer. Beberapa hal bisa dilakukannya, termasuk yang bikin ngeri. Apa saja?"
156,"Jadi Delegasi RI di UPM, Kompol Rovan Bicara Strategi Vaksinasi",Rovan Richard Mahenu mengatakan perlu adanya inovasi dalam menjalankan kebijakan vaksinasi di era VUCA melalui sembilan strategi.
157,"Film Mantra Surugana Bawa Unsur Budaya Sunda Kuno, Diramaikan Sitha Marino",Film Mantra Surugana bawa unsur budaya Sunda kuno. Film itu diramaikan Sitha Marino hingga Mike Lucock.
158,Unud Fasilitasi Bantuan Hukum Tiga Tersangka Korupsi SPI,Universitas Udayana (Unud) akan memfasilitasi bantuan hukum bagi tiga tersangka kasus korupsi sumbangan pengembangan institusi (SPI)
159,Ketua MPR Ajak Pengurus IMM Tingkatkan Wawasan Kebangsaan,Bamsoet berharap melalui acara tersebut IMM mengajak semua pihak berkolaborasi dan bergotong royong bergerak memajukan kualitas bangsa dan negara.
160,BEM Unud Kirim Surat Terbuka ke Menteri Nadiem Pasca Kasus Korupsi SPI,BEM Unud mengirimkan surat terbuka kepada Mendikbudristek Nadiem Anwar Makarim setelah tiga pejabat Unud ditetapkan tersangka korupsi SPI
161,PNM Gandeng IPB untuk Optimalkan Pemberdayaan Nasabah Mekaar,PT Permodalan Nasional Madani (PNM) menggandeng Institut Pertanian Bogor untuk memaksimalkan pemberdayaan nasabah Mekaar.
162,BEM Unud Sebut SPI Tinggi Sudah Rahasia Umum,Sumbangan pengembangan institusi (SPI) dengan nominal tinggi di Universitas Udayana (Unud) ternyata telah menjadi rahasia umum di kalangan universitas
163,"Perang Lawan Narkoba, 39 Orang Pengedar Ditangkap di Bandung!",Genderang perang terhadap peredaran narkotika di Bandung terus digelorakan polisi. Sebanyak 39 orang pengedar narkoba di Bandung ditangkap.
164,"Mengenal Sekolah Kedinasan Kemenkumham, Kuliah Gratis dan Jadi CPNS",Dua sekolah kedinasan Kemenkumham memungkinkan siswa lanjut kuliah gratis dan diangkat menjadi CPNS. Begini prodi dan syaratnya.
165,"Dear Calon Maba, Berikut 14 Prodi UNS Kuota Terbanyak SNBP 2023",Pendaftaran SNBP 2023 dibuka 14 Februari hingga 28 Februari mendatang. Berikut data 14 prodi Universitas Sebelas Maret (UNS) Solo kuota terbanyak SNBP 2023.
166,"Pendaftaran KIP Kuliah 2023 Dibuka, Ini Syarat Lengkapnya",KIP Kuliah 2023. Pendaftaran Kartu Indonesia Pintar atau KIP Kuliah Merdeka 2023 telah resmi dibuka. Berikut ini informasi syarat dan jadwal pendaftarannya.
167,"Profil Giorgio Ramadhan, Sopir Fortuner Arogan Disebut 'Musuh Ukraina'",Sopir Fortuner arogan yang merusak mobil Honda Brio Giorgio Ramadhan kini ramai disebut musuh Ukraina. Berikut ini profil Giorgio Ramadhan.
168,"Jadwal KIP Kuliah untuk SNBT, Jangan Tunggu Akhir Masa Pendaftaran!",Pendaftaran KIP Kuliah 2023 telah dibuka. Bagaimana jadwal pendaftaran untuk siswa yang akan daftar SNBT?
169,"10 Prodi Unnes dengan Daya Tampung Terbanyak di SNBP 2023, Ada Incaranmu?",Kamu mengincar Unnes melalui SNBP? Cek prodi dengan daya tampung terbanyak di SNBP 2023 Unnes di sini.
170,Golkar Serap Ide Anak Muda soal Pengembangan Parpol Lewat Lomba Esai,Anugerah Golkar Institute Essay Competition tersebut dibuat untuk memfasilitasi generasi muda untuk ikut memberi gagasan konstruktif bagi partai politik.
171,"Pegawai Kampus Unisvet Semarang Lecehkan 5 Mahasiswi, Kirim WA Porno",Lima mahasiswi Universitas Ivet (Unisvet) Semarang dilaporkan menjadi korban pelecehan pegawai kampus. Berikut penjelasan Rektor Unisvet Tri Leksono Prihandoko.
172,Kata Imbuhan dalam Tembung Andhahan Bahasa Jawa: Jenis dan Contoh,"Berikut ini pengertian, jenis, dan contoh kata imbuhan dalam tembung andhahan bahasa Jawa."
173,Siapa Giorgio Ramadhan? Sopir Fortuner Tabrak Brio yang Jadi Tersangka,"Giorgio Ramadhan, sopir Fortuner yang mengamuk dan merusak mobil Brio di Senopati, Jakarta Selatan resmi menjadi tersangka. Cek sederet informasi soal Giorgio."
174,Belajar Toleransi dari Kampung Kerukunan Ciamis,"Kampung Kerukunan Ciamis, mulai menunjukkan daya tariknya. Puluhan pelajar SD Yos Sudarso Tasikmalaya mengunjungi kampung kerukunan Ciamis, Rabu (15/2/2023)."
175,Apa Itu Indeks Sekolah di SNBP 2023? Begini Penjelasannya,"Ketua Pelaksana SNPMB Budi Prasetyo mengatakan, tidak ada zonasi di SNBP 2023. Tapi, ada faktor indeks sekolah dan nilai siswa yang memengaruhi."
176,Apa Itu Dana SPI? Pungutan yang Seret 3 Pejabat Unud jadi Tersangka Korupsi,Apa itu dana sumbangan pengembangan institusi (SPI)? Yang berkaitan dengan kasus korupsi yang menyeret 3 pejabat Unud.
177,Apa Perbedaan SNBP dan SNBP-Peminatan ITB? Berikut Penjelasannya,Salah satu bagian dari jalur SNBP di ITB adalah SNBP-Peminatan. Apa perbedaan kedua jalur tersebut? Berikut penjelasannya.
178,Biaya (Mahal) Akreditasi Perguruan Tinggi,"Publik melalui Lembaga Akreditasi Mandiri (LAM) bisa turut terlibat. Namun, biaya akreditasi melalui LAM amat mahal."
179,"SNBP 2023, Nilai Matematika Jadi Pertimbangan Mayoritas Prodi di ITS",Mayoritas prodi di ITS menjadikan nilai Matematika sebagai pertimbangan seleksi SNBP 2023. Simak penjelasannya di sini.
180,Mau Dapat Beasiswa? Pendaftaran KIP Kuliah 2023 Sudah Dibuka!,Pendaftaran Kuliah Merdeka 2023 telah dibuka. Detikers bisa mengeceknya di laman https://kip-kuliah.kemdikbud.go.id.
181,"SNBP 2023, Warek Unpad Ingatkan Pilih Prodi Bukan Karena Keketatan Rendah Saja","Warek Unpad ingatkan peserta SNBP 2023 untuk tidak memilih prodi karena keketatan rendah saja, ikut-ikutan, atau disuruh. Begini kiat memilih prodi di SNBP."
182,"Khusus Mahasiswa Vokasi, Ikut IISMA Dapat Dua Pengalaman Ini!","Pendaftaran IISMA 2023 masih dibuka. Mahasiswa vokasi yang ikut akan dapat dua paparan sekaligus, apa saja?"
183,Diskon untuk Keluarga Unila Titip Mahasiswa ke Fakultas Kedokteran,"Keluarga besar Unila diberi harga khusus jika ingin menitipkan calon mahasiswa ke FK. Jika di luar Rp 250 juta, orang dalam cukup membayar Rp 100 juta."
184,"Mahasiswa Unud Kecewa Dana SPI Rp 3,8 Miliar Dikorupsi","Mahasiswa Universitas Udayana (Unud) kecewa dana SPI Rp Rp 3,8 miliar dikorupsi tiga pejabat kampus yang telah ditetapkan sebagai tersangka oleh Kejati Bali."
185,Kala Gio Sopir Fortuner Disebut 'Musuh Ukraina' Bikin Kaget Keluarga,"Sopir Fortuner arogan di Senopati, Giorgio, ramai di media sosial lantaran dikaitkan dengan pemberitaan 'musuh Ukraina'. Pihak keluarga kaget mendengarnya."
186,Kemarahan Eks Rektor Unila ke Saksi di Persidangan,Eks Rektor Unila Prof Karomani marah-marah di persidangan. Dia marah karena Budi Utomo berbohong saat memberikan kesaksian.
187,"Pendaftaran KIP Kuliah 2023 Resmi Dibuka, Cek Syarat dan Jadwalnya!",Pendaftaran KIP Kuliah 2023 telah dibuka melalui laman https://kip-kuliah.kemdikbud.go.id. Begini cara daftarnya.
188,Reyhan Mahendra dan Pergulatannya dengan Muay Thai,"Reyhan Mahendra, mahasiswa asal Sukabumi menuai prestasi manis berkat pergulatannya denan olahraga Muay Thai. Simak kisahnya!"
189,Alat Pendeteksi Bencana Alam ala Telkom University,Dosen dan mahasiswa Telkom University menghadirkan inovasi alat pendeteksi bencana. Simak ulasan lengkapnya!
190,"15 Teks Cerpen Singkat beserta Pengertian, Ciri hingga Strukturnya",Cerpen adalah bagian dari karya sastra yang berbentuk naratif. Simak 15 contoh teks cerpen singkat di sini.
191,"Bendungan Keureuto Terhambat Pembebasan Lahan, Jokowi Targetkan Selesai 2023","Pembangunan Bendungan Keureuto, Aceh Utara, Aceh terkendala pembebasan lahan. Presiden Joko Widodo (Jokowi) menegaskan Bendungan Keureuto rampung tahun ini."
192,Humas Unila Sebut Ketua NasDem Lampung Titip Mahasiwi 'Infak' Rp 250 Juta,Herman HN disebut ikut menitipkan mahasiswi supaya bisa lolos ke Fakultas Kedokteran Unila. Herman bahkan membayar 'infak' sebesar Rp 250 juta.
193,"Eks Rektor Unila Marah-marah di Persidangan, Ungkap Saksi Berbohong",Prof Karomani marah-marah di persidangan. Eks Rektor Unila itu marah karena menilai keterangan saksi bohon dan memojokkan dirinya.
194,3 Pejabat Korupsi Dana SPI Unud Terima Surat Penetapan Tersangka-SPDP,"Tiga pelaku korupsi dana sumbangan pengembangan institusi (SPI) Universitas Udayana (Unud) berinisial IKB, IMY, dan NPS menerima surat penetapan tersangka"
195,Tips Lolos SNBP 2023 buat Siswa dan Ortu: Ikuti Passion Anak!,"Ketua Pelaksana Eksekutif SNPMB 2023 memiliki beberapa tips untuk lolos SNBP, mulai dari ortu ikuti passion anak sampai siswa tahu kapasitas diri."
196,"Cerita Hidayat, Datang ke Turki Bantu Korban Gempa",Gempa mengguncang Turki. Korban berjatuhan akibat gempa tersebut. Relawan dari sejumlah penjuru dunia datang untuk membantu. Salah satunya Muhamad Hidayat.
197,"Cara Membuat Portofolio SNBP 2023 Sesuai Prodi Pilihan, Jangan Terlewat!",Portofolio SNBP 2023 merupakan dokumen persyaratan wajib di prodi seni dan olahraga. Begini cara membuat portofolio SNBP 2023 sesuai prodi.
198,Ketua NasDem Lampung Disebut Titip Mahasiswi ke Unila Mahar Rp 250 Juta,"Kabiro Humas Unila, Budi bersaksi di persidangan. Dalam kesaksiannya Budi menyebut Ketua NasDem Lampung, Herman menitipkan calon mahasiswa mahar Rp 250 juta."
199,Apakah Ada Passing Grade di SNBP & SNBT 2023? Simak Penjelasannya,Ketua Pelaksana SNPMB menjelaskan kabar keberadaan passing grade di SNBP dan UTBK SNBT 2023. Begini jawabannya.
200,"Prioritas Adalah Sesuatu yang Harus Diutamakan, Simak Cara Penerapannya!",Prioritas adalah sesuatu yang diutamakan. Simak cara menerapkan prioritas agar urusan Anda semakin teratur.
201,"Dosen Fakultas Kedokteran Unila Ikut Titip Anak, Beri Mahar Rp 100 Juta","Dosen Fakultas Kedokteran Unila, Evi Kurniawati mengaku ikut titipkan anaknya masuk Unila. Ia memberi mahar Rp 100 juta ke Prof Karomani."
202,"Magang Adalah: Definisi, Manfaat, Cara Kerja, Serta Tipsnya",Magang adalah program praktik kerja yang menerapkan ilmu pengetahuan dari perguruan tinggi ke dalam dunia kerja.
203,Trik Meletakkan Prodi Pilihan 1-2 di SNBP dari Ketua Pelaksana SNPMB 2023,Ketua Pelaksana SNPMB Budi P Widyobroto menjelaskan bagaimana cara menyusun pilihan prodi satu dan dua di SNBP. Berikut ini yang perlu dipertimbangkan!
204,SNBP 2023: Apakah Ada Peluang Diterima di Prodi Pilihan 2? Begini Jawabannya,Apakah peluang diterima di prodi pilihan 2 pada SNBP 2023 terbuka? Begini penjelasan Ketua Umum SNPMB Prof Mohammad Ashari.
205,Siswa Diterima SNBP Kira-Kira Hanya Seperempat dari Pendaftar!,Ketua SNPMB 2023 menjelaskan siswa diterima SNBP kurang lebih hanya seperempatnya saja. Berapa kira-kira yang diterima dari 867.341 siswa eligible?
206,"Terseret Kasus Mahasiswa Titipan KH Marsudi Syuhud, UB Buka Suara",Universitas Brawijaya (UB) Malang disebut turut dititipi mahasiswa baru saat PMB jalur mandiri oleh KH Marsudi Syuhud. Begini respons kampus tersebut.
207,"3 Tokoh Pemuda Lintas Iman Gabung PSI, Grace Ungkit soal Penistaan",Sejumlah tokoh pemuda lintas iman bergabung dengan PSI. Wakil Ketua Dewan Pembina PSI Grace Natalie ungkit soal penistaan yang pernah diterima PSI.
208,"Sekolah Kedinasan dengan Kuliah Gratis, Calon Mahasiswa-Taruna Minat?",Sekolah kedinasan menawarkan kuliah gratis dan ikatan dinas di seluruh Indonesia. Apa saja sekolah kedinasan yang bisa detikers daftar? Simak di sini.
209,"Setelah Ketidakpastian 10 Tahun, Pengungsi Bisa Dapat Visa Permanen di Australia",Beberapa pengungsi di Perth yang saat ini memegang visa sementara mengatakan hampir tidak percaya kini bisa mengajukan visa tinggal tetap (PR) di Australia.
210,"Apa Itu Aptitude Test? Ketahui Jenis, Tujuan, dan Tips Mengerjakannya",Aptitude test adalah tes bakat. Bagaimana penggunaannya dalam dunia kerja? Ketahui penjelasan dan tips mengerjakannya di sini.
211,Keluarga Kaget Giorgio Sopir Fortuner Disebut 'Musuh Ukraina',"Kabar Giorgio Ramadhan (24), sopir Fortuner arogan, sebagai 'musuh Ukraina' beredar di medsos. Pihak keluarga mengaku kaget usai mendengar informasi tersebut."
212,"Diduga Aniaya-Sebar Foto Syur Pacar, Mahasiswa di Sukoharjo Dipolisikan","Seorang mahasiswa sebuah kampus swasta di Sukoharjo berinisial SM (21), dilaporkan ke Mapolres Sukoharjo. SM diduga menganiaya dan menyebar foto syur pacarnya."
213,"Meski Masuki Era Digital, Koran Lokal Edisi Cetak Australia Terus Berkembang","Sementara banyak koran nasional di Australia menutup kantor perwakilan mereka di daerah atau pindah ke edisi digital, koran komunitas terus berkembang."
214,"Penembakan Brutal di Universitas AS, 3 Orang Tewas-Pelaku Kabur","Sedikitnya tiga orang tewas, dengan pelaku penembakan berhasil kabur dan tengah dalam pencarian kepolisian setempat."
215,Pihak Giorgio Sopir Fortuner Angkat Bicara soal Disebut 'Musuh Ukraina',"Giorgio Ramadhan (24), sopir Fortuner arogan yang merusak Honda Brio di Senopati, dikaitkan dengan pemberitaan 'musuh Ukraina'. Pihak Giorgio angkat bicara."
216,Tentang Situs yang Pajang Giorgio Sopir Fortuner Sebagai 'Musuh Ukraina',"Giorgio Ramadhan (24), sopir Fortuner arogan di Senopati dikaitkan dengan daftar 'musuh Ukraina'. Daftar itu dibuat oleh sebuah situs yang berbasis di Kyiv."
217,"Siswa Pendaftar SNBP Wajib Simpan Permanen Akun Dahulu, Ini Batas Waktunya!",Pendaftaran SNBP diselenggarakan mulai Selasa (14/2/2023). Siswa wajib simpan permanen terlebih dulu.
218,"Pelajar dan Generasi Z, Kekuatan Masa Depan","Aliansi Pelajar Surabaya, adalah bagian kecil dari ikhtiar tumbuhnya kesadaran global ini. Bak jamur di musim hujan, semangat untuk tidak mau diam."
219,"Bos Nvidia Terpukau ChatGPT, Katanya Mirip iPhone",CEO dan pendiri Nvidia Jensen Huang memuji ChatGPT dan menyebut chatbot itu layaknya iPhone di dunia kecerdasan buatan (AI).
220,"Beasiswa S2 dan S3 Selandia Baru 2023, Ada Afirmasi untuk NTB hingga Papua!","Pemerintah Selandia Baru membuka pendaftaran beasiswa S2 dan S3 2023, lengkap dengan afirmasi bagi pendaftar asal NTB hingga Papua."
221,Rekomendasi Drakor Yoo Yeon Seok sebelum The Interest of Love,"Dari Hospital Playlist hingga Reply 1994, ini drakor terbaik Yoo Yeon Seok yang bisa kamu saksikan di waktu luang."
222,Polisi Cek Kabar Giorgio Sopir Fortuner Masuk Daftar 'Musuh Ukraina',"Giorgio Ramadhan, sopir Fortuner yang menabrak Brio di Jaksel, ramai di media sosial. Dia dikaitkan dengan 'daftar musuh Ukraina'. Apa kata polisi?"
223,"Dari Cireng hingga Bala-bala, Ternyata Ini Alasan Kuliner Sunda Punya Nama Unik",Ternyata ada beberapa penelitian tentang alasan kuliner Sunda punya nama unik. Ini penjelasannya.
224,Profil Mr Raden Samsoedin: Si Lantang Penentang Jepang,"Mr Raden Samsoedin merupakan Wali Kota Sukabumi pertama. Ia pribumi yang lantang mengkritik Jepang, tapi tetap dibutuhkan Jepang."
225,"Sekolah Kedinasan Tanpa Tes Fisik, Apa Saja?",Sekolah kedinasan tanpa tes fisik yang berat atau kesamaptaan apa saja ya? Cek di sini.
226,Ratusan Mahasiswa Baru Unud Dikutip Biaya SPI Tak Berizin,"Kejati Bali mengungkap dugaan korupsi pungutan dana Sumbangan Pengembangan Institusi (SPI) di Unud Rp 3,8 miliar."
227,Jalur Penerimaan Mahasiswa Baru ITB 2023,"Institut Teknologi Bandung (ITB) adalah salah satu kampus impian banyak orang di Indonesia. Saat ini, ITB sedang membuka tahap pendaftaran mahasiswa baru 2023."
228,Terkuak Makanan yang Picu Keracunan Massal Mahasiswa UB Mengandung Bakteri,Hasil lab makanan yang picu keracunan massal ratusan mahasiswa Teknik UB telah keluar. Makanan itu diketahui mengandung bakteri Escherichia coli.
229,KASN soal Isu Perjokian Jabatan Guru Besar: Dosen Senior Terlibat,KASN menduga terdapat persekongkolan antara pihak kampus dan para calon guru besar.
230,"Sekolah Kedinasan Tanpa Syarat Tinggi Badan Nih Lur, Lulus Jadi PNS!",Sekolah kedinasan ini tidak mensyaratkan tinggi badan. Sedulur bisa kuliah gratis dan lulus jadi PNS. Simak selengkapnya di sini.
231,"Ketupel Feskala BEM UM Down gegara Utang Ratusan Juta, Ortu Turun Tangan",Tunggakan utang ratusan juta Feskala membuat ketua pelaksana down. Orang tuanya pun turun tangan membayar tanggungan utang yang disepakati tersebut.
232,Pemkab Lebak Akan Sanksi Pemakai Mobil Dinas Desa untuk Bisnis Narkoba,Pemkab Lebak akan menindak tegas pihak pengguna mobil dinas milik Desa Cihara jika terbukti menggunakan mobil dinas untuk bisnis narkoba.
233,Utang Ratusan Juta BEM UM ke Vendor Terkait Feskala Diklaim Telah Lunas,"Utang panitia Festival Cakrawala atau Feskala yang digelar BEM UM telah lunas. Vendor menyebut, panitia telah membayar utang tersebut."
234,"5 Jurusan Saintek yang Banyak Dilirik Perusahaan BUMN, Apa Saja?",Banyak perusahaan BUMN yang membutuhkan tenaga kerja dari lulusan prodi saintek. Berikut adalah 5 jurusan saintek yang memiliki prospek kerja di BUMN.
235,Mengenal DKV (Desain Komunikasi Visual): Alasan Memilih dan Prospeknya,DKV adalah cabang ilmu yang mempelajari tentang konsep komunikasi yang kreatif. Simak alasan memilih DKV dan prospek kerjanya.
236,Dramatis! Polisi Sempat Tembak Mobdin yang Dipakai Pengedar Sabu di Banten,Polisi sempat melepaskan tembakan ke mobil dinas milik Desa Cihara yang digunakan DPO berinisial RM untuk mengedarkan narkoba.
237,"FH UMSU Nobar Sidang Vonis Sambo, Mahasiswa DIharapkan Bisa Analisis",Fakultas Hukum UMSU turut memantau jalannya sidang vonis Ferdy Sambo dan Putri Candrawathi yang digelar di PN Jakarta Selatan hari ini.
238,Relawan Ganjar Beri Bantuan Alat Olahraga buat Pemuda di Tangsel,Adapun alat olahraga yang dibagikan berupa raket dan kok untuk bulutangkis.
239,"Kisah Gde Ikut IISMA, Dapat Peran Jadi ""Diplomat"" di Inggris","IISMA memberi pengalaman menarik bagi mahasiswa yang mengikuti programnya. Salah satunya adalah pengalaman Gde sebagai ""diplomat muda"" di Inggris."
240,Kata Dosen Unpad Soal Nama Kuliner Sunda yang Terkenal Lucu dan Unik,"Nama kuliner khas Sunda terkenal unik dan menggelitik. Misalnya bala-bala, cireng, dan citruk. Seorang dosen Unpad menjelaskan alasan di balik nama unik ini."
241,"Kejar-kejaran dengan Polisi, Pengedar Narkoba Kendarai Mobdin Desa Cihara","Pengedar narkoba di Banten berinisial RM kejar-kejaran dengan polisi. Saat diburu polisi, RM diketahui mengendarai mobil pelat merah dinas Desa Cihara, Lebak."
242,"3 Pejabat Unud Tersangka Dugaan Korupsi SPI Rp 3,8 M Belum Ditahan","Tiga pejabat Unud yang menjadi tersangka dugaan korupsi dana sumbangan pengembangan institusi (SPI) senilai Rp 3,8 miliar sejauh ini belum ditahan."
243,"3 Pejabat Universitas Udayana Jadi Tersangka Korupsi Dana SPI Rp 3,8 M","Tiga pejabat Universitas Udayana jadi tersangka tindak pidana korupsi. Total pungutan yang didapat dari calon mahasiswa sejumlah Rp 3,8 miliar."
244,"Cerita Marvel di IISMA, Belajar Isu Global & Putar Laskar Pelangi di Inggris","Mahasiswa IISMA asal Unpad, Marvel Amadeus, menceritakan pengalaman belajar isu global hingga menggelar pemutaran film Laskar Pelangi di Inggris."
245,Kejati Bali Bakal Dalami Modus Lain di Kasus Korupsi Dana SPI Unud,Kejati Bali bakal menelusuri modus lain dari tiga tersangka kasus dugaan korupsi dana SPI Universitas Udayana (Unud).
246,"Kejati Bali Ungkap Modus 3 Tersangka Korupsi Dana SPI Unud Rp 3,8 Miliar","Kejati Bali mengungkap modus tiga pejabat Universitas Udayana (Unud) yang menjadi tersangka tindak pidana korupsi dana SPI Rp 3,8 miliar."
247,"Daya Tampung ITB 2023 Jalur SNBP dan SNBT, Camaba Simak Ya!","Jelang pendaftaran SNBP dan SNBT 2023, simak daya tampung ITB 2023 sebagai referensi memilih fakultas atau sekolah tujuan."
248,"Sekolah Kedinasan Tanpa Syarat Tinggi Badan, Kuliah Gratis Plus Jadi PNS",Mau kuliah gratis dan diangkat menjadi CPNS? Mendaftar sekolah kedinasan bisa jadi jalan. Berikut sekolah kedinasan yang tidak mensyaratkan tinggi badan.
249,Cerita Mahasiswa Asal Papua Kuliah di Itera dengan Beasiswa ADik,"Berikut kisah Sandhy dan Fitri, mahasiswa Itera yang dapat kuliah dengan program beasiswa ADik. Simak yuk!"
250,Catat! ITS Tambahkan Kriteria Ini di SNBP 2023,ITS Surabaya menambah kriteria lain di SNBP 2023. Berikut ini beberapa hal yang masuk dalam perhitungan.
251,"Daya Tampung Prodi UI Tertinggi-Terendah di SNBP 2023, Cek Yuk!",Salah satu jalur masuk UI adalah melalui SNBP. Berikut informasi daya tampung UI dari tertinggi hingga terendah di SNBP 2023.
252,Daya Tampung Undip 2023 Tertinggi ke Terendah di SNBP,Berminat kuliah di Undip tahun ini? Cek daya tampung Undip 2023 jalur SNBP di sini.
253,Ngalam Mbois: Mahasiswa UMM Bikin Smart Helm agar Makin Aman Berkendara,Mahasiswa Universitas Muhammadiyah Malang (UMM) menciptakan smart helm dengan berbagai fitur. Karyanya ini agar pengendara motor makin aman di jalan.
254,Lulusan Kampus Merdeka Dapat Kerja Lebih Cepat? Ini Kata Kemendikbudristek,"Berdasarkan laporan Kemendikbudristek, lulusan program Kampus Merdeka lebih cepat mendapatkan pekerjaan dibandingkan dengan rata-rata nasional."
255,Fakultas Hukum UMSU Nonton Bareng Sidang Vonis Ferdy Sambo,Fakultas Hukum UMSU turut memantau jalannya sidang vonis Ferdy Sambo dan Putri Candrawathi dengan menggelar nonton bareng di Aula Fakultas Hukum.
256,Jubir Unud Tanggapi 3 Pejabat Jadi Tersangka Korupsi Dana SPI,"Jubir Unud menanggapi tiga pejabat berinisial IKB, IMY, dan NPS yang ditetapkan sebagai tersangka dugaan korupsi penyalahgunaan dana SPI."
257,Riuh Feskala BEM UM Berlalu Sisakan Utang Fantastis Ratusan Juta,Feskala yang digelar BEM Universitas Negeri Malang (UM) meninggalkan utang Rp 205 juta. Vendor mengancam akan melapor ke polisi jika utang tak lunas.
258,"Kota Rusia Ini Ketakutan karena Perang, Tapi Tetap Dukung Putin","Warga Belgorod, di perbatasan Rusia-Ukraina, hidup dalam ketakutan akan gempuran Ukraina. Namun, mereka tidak menyalahkan Putin."
259,Relawan Ganjar Gelar Lomba Fashion Show Pakaian Adat di Probolinggo,"Kegiatan ini digelar untuk mengajak masyarakat, khususnya anak muda merawat dan melestarikan kebudayaan."
260,3 Hal Ini Mesti Dikuasai untuk Raih Beasiswa di Dalam & Luar Negeri,"Pemuda Mahasiswa Nusantara (PMN) menggelar seminar beasiswa yang digelar di Kota Palembang, Sumatera Selatan."
261,"Ini 9 Besaran UKT ITS 2023, Paling Murah Berapa?",ITS mengumumkan golongan besaran UKT untuk penerimaan jalur SNBP sampai seleksi mandiri 2023. Cek besaran dan ketentuannya di setiap jalur!
262,91 Prodi UGM dengan Daya Tampung Tertinggi -Terendah di SNBP 2023,Cek daftar jurusan UGM dengan daya tampung tertinggi hingga terendah di SNBP 2023 sebagai referensi memilih prodi tujuan yang sesuai minat.
263,"Cuan Mahasiswa Baru Unud Berujung Dugaan Korupsi Rp 3,8 Miliar",Kasus dugaan korupsi dana SPI di Universitas Udayana (Unud) memasuki babak baru. Tiga pejabat kampus Unud ditetapkan sebagai tersangka.
264,"Ada Laboratorium Perkeretaapian Standar Industri Baru di PNM, Apa Isinya?","Politeknik Negeri Madiun (PNM) resmikan laboratorium perkeretaapian standar industri di kampusnya, ada lab desain & simulasi sampai kereta trainer hybrid."
265,"Kenal Lebih Dekat Tawakkol Karman, Wanita Berhijab Pertama yang Meraih Nobel",Tawakkol Karman menjadi wanita berhijab pertama yang memenangkan hadiah Nobel Perdamaian 2011. Dia menyuarakan perlindungan untuk wanita di Yaman. Ini sosoknya.
266,Cek di Sini! Informasi Tiga Jalur Seleksi Mandiri Unpad 2023,Universitas Padjajaran (Unpad) membuka seleksi mandiri tahun 2023. Calon maba simak ya tiga jalur penerimaan dalam seleksi ini.
267,Pembobol Rekening Modus Sabotase ATM-Call Center Ditangkap di Dairi,Polisi menangkap dua pria pembobol rekening dengan modus sabotase ATM dan penipuan call center di Dairi. Pelaku sudah beroperasi di beberapa daerah.
268,Heboh Oknum Dosen Jadi Predator Seksual di Unsil Tasikmalaya,Seorang oknum dosen di Universitas Siliwangi (Unsil) diduga melecehkan mahasiswa Indonesia perwakilan Jerman. Rekaman CCTV jadi buktinya.
269,Jabar Sepekan: Predator Seksual di Unsil Tasikmalaya,"Beragam peristiwa terjadi di Jabar sepekan ini. Dari mulai gerombolan bermotor yang bacok mati pemuda di Kota Cimahi, geger ABG asal Garut yang dihamili jin."
270,"Mahasiswa Australia Berbondong-bondong Belajar Industri Hijau di RI, Kok Bisa?",Upaya Indonesia mengembangkan industri hijau dilirik negara lain.
271,Kejati Dalami Potensi Tersangka Lain Kasus Korupsi Dana SPI Unud,"Kejati Bali terus mendalami kasus dugaan korupsi dana sumbangan pengembangan institusi (SPI), dan membuka kemungkinan adanya tersangka lain"
272,5 Fakta Tragedi Kloset Maut Perenggut Nyawa Elisa di Banten,"Elisa Siti Mulyani (21) mahasiswi asal Pandeglang, Banten tewas di tangan pacarnya usai dihantam kloset duduk. Simak fakta-faktanya."
273,"3 Pejabat di Kampus Unud Jadi Tersangka Korupsi Dana SPI Rp 3,8 Miliar",Tiga pejabat di Universitas Udayana (Unud) ditetapkan sebagai tersangka tindak pidana korupsi dana sumbangan pengembangan institusi (SPI)
274,Alumni Kampus Horizon Karawang Gelar Reuni Akbar dan Bentuk Asosiasi,"Selain menggelar reuni akbar, para alumni STIKes dan STMIK Kharisma Karawang (sekarang Horizon Karawang) bertemu di Hotel Mercure Karawang tanggal 15 Januari."
275,"Nama Kuliner Sunda Unik dan Menggelitik, Dosen Unpad Ungkap Alasannya",Nama-nama kuliner khas Sunda kadang terdengar aneh dan menggelitik. Dosen dari Unpad mengungkap alasan di balik itu semua.
276,Fakta-fakta Mahasiswi di Pandeglang Dibunuh Mantan Pacar Pakai Kloset,"Elisa Siti Mulyani, mahasiswi di Banten tewas di tangan mantan pacarnya, Riko Arizka. Berikut fakta-faktanya Elisa dibunuh mantan pacar pakai kloset."
277,"Seleksi Mandiri Unpad 2023 Dibuka Lewat Tiga Jalur, Calon Maba Cek Infonya!",Universitas Padjadjaran membuka tiga jalur dalam seleksi mandiri tahun 2023. Cek infonya!
278,Gubernur yang Mendapat Sentimen Paling Positif di Medsos,Ganjar Pranowo mendapatkan citra positif paling tinggi dalam perbincangan di media sosial. Sedangkan Anies Baswedan ada di posisi paling bontot.
279,"Sandiaga Optimis Target 4,4 Juta Lapangan Kerja Baru Rampung di 2024","Menparekraf Sandiaga Uno meresmikan gedung kuliah terpadu Poltekpar Makassar. Dia pun optimis target 4,4 juta lapangan kerja baru bisa terealisasi di 2024."
280,10 Prodi Saintek-Soshum Terketat Jalur Mandiri Unair & Daya Tampung di 2023,Inilah prodi terketat kelompok saintek dan soshum jalur mandiri Unair tahun lalu. Simak berapa daya tampungnya tahun ini ya.
281,"Ditjen Dikti Buka Lowongan PKL Mahasiswa, Pendaftaran Ditutup 19 Februari!",Ditjen Dikti membuka lowongan PKL batch 12. Mahasiswa bahasa sampai statistika bisa mendaftar sampai 19 Februari 2023.
282,"Hungaria Undang Mahasiswa Vokasi buat Magang, Anak Semester Akhir Bisa Join",Ribuan mahasiswa vokasi semester akhir D3-D4 mendapat kesempatan magang di Hungaria melalui PT Markija Berdaya. Nantinya juga dikonversi ke SKS.
283,Resep Sukses Jadi Mahasiswa Universitas Negeri di Bandung,Universitas negeri di Bandung menjadi tujuan para calon mahasiswa. Saat ini Seleksi Nasional Penerimaan Mahasiswa Baru (SNPMB) 2023 sudah dibuka.
284,"ITB Hadirkan Desanesha, Aplikasi Pintar untuk Dorong Pembangunan Desa",Desanesha dipersiapkan menjadi wahana dalam rangka Percepatan Pencapaian SDGs Desa Berbasis teknologi di daerah 3T.
285,Kelegaan Keluarga Usai Nama Baik Hasya Mahasiswa UI Dipulihkan,"Status tersangka Hasya, korban tewas kecelakaan, resmi dicbut dan nama baiknya dipulihkan. Pihak keluarga pun merasa lega."
286,"Kisah Ririn, Anak Cleaning Service yang Jadi Wisudawan Terbaik dengan IPK 3,9","Ririn menamatkan jenjang sarjana dari UHO hanya dalam 7 semester. Kantongi predikat wisudawan terbaik, Ririn berjuang untuk menempuh pendidikan dengan beasiswa."
287,"Pendaftaran SNBP Segera Dibuka, Cek Lagi Ketentuan Pilih Jurusan dan PTN","Pendaftaran SNBP akan dibuka pada 14-28 Februari 2023. Siswa, cek lagi ketentuan jurusan dan PTN pilihan."
288,Ngeri! ChatGPT Berhasil Lolos Ujian Dokter Super Sulit,"ChatGPT, chatbot berbasis AI buatan OpenAI, berhasil lolos ujian kedokteran di AS. Apakah artinya ChatGPT bisa menggantikan dokter di masa depan?"
289,6 Hal Harus Diperhatikan Sebelum Pilih Universitas Negeri di Bandung,"Sebelum memilih universitas negeri di Bandung, calon mahasiswa baru harus lebih dulu memperhatikan beberapa hal seperti kemampuan pribadinya."
290,Pemprov Siap Tanggung Kepulangan Warga Jambi di Turki Pasca Gempa,Pemprov Jambi siap menanggung biaya kepulangan warga Jambi di Turki yang selamat dari gempa dahsyat di negara itu.
291,"Kini Soal Mahasiswa Titipan, Unri Juga Sempat Dihebohkan Surat Sakti","Sebelum dihebohkan soal mahasiswa titipan saat ini, Unri juga sempat dihebohkan dengan kasus surat sakti untuk mahasiswa kedokteran."
292,Jabar Hari Ini: Persib Bandung Gagal Muncak,Beragam peristiwa terjadi di Jabar hari ini. Mulai dari Persib Bandung gagal muncak hingga vonis eks Ketua Kadin Jabar ditambah.
293,"Tolak Sistem Pemilu Tertutup, Mahasiswa Sukabumi: Akal-akalan Penguasa",Mahasiswa yang tergabung dalam Pengurus Besar Himpunan Mahasiswa asal Sukabumi menolak dengan tegas wacana sistem proporsional tertutup di Pemilu 2024.
294,Magister Kenotariatan UI Studi Banding ke Kenotariatan Unissula,"Kehadiran MKn UI tersebut diharapkan akan terjalin kerjasama antara keduanya dengan baik yakni riset, pelatihan, dan pengajaran."
295,"Perjalanan Kasus Hasya Tewas, Jadi Tersangka hingga Nama Baik Dipulihkan","Kasus kecelakaan yang menewaskan Hasya mahasiswa UI jadi sorotan. Penetapan tersangka terhadap Hasya menuai kritik, hingga akhirnya resmi dicabut."
296,"Nama Baik Hasya Dipulihkan, Keluarga: Ini yang Kami Tunggu-tunggu",Nama baik Hasya Attalah Syaputra dipulihkan. Polda Metro resmi mencabut status tersangka pada mahasiswa UI korban tewas dalam kasus kecelakaan itu.
297,Momen Ortu Terima Pencabutan Status Tersangka Hasya Mahasiswa UI,Polisi menyerahkan langsung surat pencabutan status tersangka dan pemulihan nama baik Hasya ke keluarga. Begini momennya.
298,"Kronologi PBB Solo Naik Ugal-ugalan, Diprotes Warga-Ditunda Gibran",Kenaikan PBB 2023 di Solo yang dinilai 'ugal-ugalan' banyak diprotes warga. Wali Kota Solo Gibran akhirnya menunda kenaikan PBB 2023. Berikut kronologinya.
299,"Logo Undip Jadi Motif Baru Batik Khas Tegalan, Begini Awal Mulanya",Tim KKN mahasiswa Undip memadukan logo kampus mereka dengan batik khas Tegalan. Begini proses dan hasilnya.
300,Dindik Jatim Minta Poltekpel Surabaya Berbenah Pascakasus Taruna Meninggal,Taruna Poltekpel Surabaya meninggal dianiaya senior. Kadindik Jatim meminta Poltekpel Surabaya berbenah diri dan mengevaluasi soal senioritas di kampus.
301,Keluarga Lega Nama Baik Hasya Dipulihkan: Ini yang Kami Tunggu-tunggu,Keluarga mengaku lega status Hasya resmi dicabut dan nama baiknya dipulihkan. Hal ini yang ditunggu-tunggu selama berbulan-bulan.
302,"Status Tersangka Resmi Dicabut, Nama Baik Hasya Mahasiswa UI Dipulihkan!","Polisi resmi mencabut status tersangka Hasya dalam kecelakaan yang menewaskan dirinya. Dengan pencabutan status tersangka ini, nama baik Hasya dipulihkan."
303,"Viral! Bule Kompak Main Kendang Beleq, Berpakaian Adat Sasak","Video belasan warga negara asing (WNA) memainkan gendang beleq atau alat musik tradisional khas Suku Sasak, Lombok, NTB viral di media sosial."
304,".Feast Pernah Mau Bubar, Padahal Sudah Punya 2 Single",".Feast pernah mau bubar loh, cari tahu beritanya di sini ya!"
305,17 Warga Jabar Mengungsi di KBRI Imbas Gempa Turki,"Sebanyak 17 warga Jawa Barat dilaporkan harus mengungsi di KBRI Turki di Ankara. Mereka mengungsi bersama WNI lainnya setelah terdampak gempa M 7,8."
306,"Mahasiswa Kecanduan Paylater & Konsumtif, Pakar UI Ingatkan Dampaknya",Perencana keuangan Prita Hapsari Ghozie ingatkan dampak terjerat paylater dan budaya konsumtif serta cara menghindarinya. Apa saja?
307,Vendor Konser Feskala Ancam Lapor ke Polisi Jika Utang Rp 205 Juta Tak Lunas,Vendor Feskala mengancam akan melaporkan ke polisi jika utang tak dilunasi dari tenggat waktu. Simak nasib tanggungan utang konser musik yang viral merugi itu.
308,"Taruna Poltekpel Tewas Dianiaya, Pakar Sebut Kekerasan Jadi Tradisi Senior",Taruna Politeknik Pelayaran Surabaya Muhammad Rio Ferdinan Anwar dianiaya seniornya hingga tewas. Apa kata pakar pendidikan?
309,"Marak Pendatang Baru, Dukcapil Fokus ke Pendataan Penduduk",Pemprov DKI belum berencana menggelar operasi yustisi guna menjaring pendatang baru. Kadis Dukcapil DKI Jakarta Budi mengatakan pihaknya mengutamakan pembinaan.
310,Rincian Utang Rp 205 Juta yang Ditanggung Panitia Feskala BEM UM Malang,Feskala yang digelar BEM Universitas Negeri Malang Nopember 2022 menyisakan persoalan utang yang harus ditanggung panitia. Berikut rincian tanggungan utangnya.
311,Jurusan Sosiologi Kerja Apa? Ini Ragam Kariernya dari Bank-Lembaga Pemerintah,Jurusan sosiologi kerja apa? banyak prospek karier yang bisa dicoba oleh lulusan sosiologi. Cek daftarnya di sini.
312,KPK Usut Pengakuan Eks Rektor Unri Luluskan 92 Mahasiswa Titipan,Prof Aras mengaku meloloskan 92 calon mahasiswa jalur PMB saat menjabat Rektor Unri. Pengakuan itu akan diusut KPK.
313,Ini Penyebab Feskala BEM UM Malang Rugi dan Tinggalkan Utang Rp 205 Juta,Festival Cakrawala atau Feskala BEM Universitas Negeri Malang merugi dan meninggalkan utang Rp Rp 205.750 juta. Ketua panitia dituding jadi biang kerok.
314,BEM Unsil Buka Hotline Kasus Pelecehan Seksual,BEM Universitas Siliwangi (Unsil) Tasikmalaya membuka hotline atau kontak pengaduan bagi korban pelecehan seksual. Itu menyusul dugaan pelecehaan oleh dosen.
315,Mau Daftar Beasiswa LPDP buat Masuk ITB? Jadwal Seleksi Dipercepat,ITB percepat jadwal penerimaan mahasiswa baru pascasarjana ITB Gelombang 1 2023 untuk mengakomodasi kebutuhan pelamar LPDP.
316,Viral Acara Feskala BEM UM Malang Tinggalkan Utang Ratusan Juta,Festival Cakrawala atau Feskala yang digelar BEM Universitas Negeri Malang (UM) November 2022 menyisakan persoalan utang. Persoalan ini terungkap setelah viral.
317,Siapa Nas Daily? Vlogger yang Sebut Pulau Bali Terputih di Asia,Nas Daily adalah vlogger yang baru-baru ini memicu kontroversi karena menyebut Pulau Bali 'paling putih' di Asia. Berikut ini profil Nas Daily.
318,"Pengalaman Raihan Ikut IISMA di Korea University, Mau Coba?","Raihan, mahasisiwa asal Unpad, berkesempatan ikut IISMA di Korea University. Dari pengalaman ini, dia mendapati kebiasaan diskusi sangatlah umum."
319,DPRD Jatim Sesalkan Tewasnya Taruna Poltekpel: Disiplin Tak Harus Kekerasan,DPRD Jatim mengecam kasus meninggalnya taruna Politeknik Pelayaran Surabaya. Kasus itu harus dibawa ke ranah hukum dengan hukuman tegas agar tak terulang lagi.
320,"Daya Tampung ITS 2023 Jalur SNBP dan SNBT, Referensi Daftar Kuliah","Simak daya tampung ITS 2023 jalur SNBP, SNBT, Seleksi Prestasi, Seleksi Mandiri, dan Seleksi Kemitraan di sini."
321,"Komplotan Pencuri Rumah Kosong di Mamuju Sulbar Ditangkap, 2 Residivis","Komplotan pencuri spesialis rumah kosong di Mamuju, Sulbar ditangkap usai menggasak barang-barang di salah satu sekretariat mahasiswa."
322,Haru Ortu Gantikan Anaknya yang Meninggal Wisuda UIN Walisongo Semarang,Wisuda UIN Walisongo Semarang berlangsung haru saat orang tua salah satu wisudawan menggantikan anaknya yang sudah meninggal dunia.
323,"Inilah Qisty, Wisudawan Terbaik S2 Unpad dengan Empat Jurnal Q1",Qisty menceritakan pengalamannya menerbitkan empat publikasi terindeks Scopus Q1. Dia justru ditolak beberapa kali untuk rilis Q2 dan Q3.
324,"Kelas Internasional IPB 2023 Sudah Dibuka, Cek Syarat dan Cara Daftarnya!",Kelas internasional IPB sudah dibuka pada 1 Februari 2023. Cek syarat dan cara daftarnya yuk!
325,"UI Buka 10.159 Kuota Mahasiswa Baru 2023, Ini Daya Tampung dan Jadwal Seleksi",UI membuka kuota mahasiswa baru sebanyak 10.159 kursi pada tahun 2023. Catat daya tampung dan jadwal seleksinya.
326,Fakta Terkini Mahasiswa UI Tewas Jadi Tersangka Masalah Administrasi,Polda Metro mengakui adanya maladministrasi dalam penetapan tersangka Hasya sebagai tersangka. Penyidik disidang kode etik.
327,SNPMB 2023 Pilih Unesa? Cek Dulu Peminat dan Daya Tampung Ya,Unesa menerima mahasiswa baru lewat SNPMB 2023. Sebelum mendaftar ke kampus ini cek peminat dan daya tampung Unesa.
328,"Beasiswa S2 - S3 Australia Awards 2023 Dibuka, Yuk Daftar!",Simak kriteria dan komponen Beasiswa Australia Awards 2023 untuk pendaftar jenjang S2 dan S3 selengkapnya di sini.
329,"Duka Selimuti Polri, Iptu Rochmat Bapak Asuh 92 Anak Tutup Usia","Polisi Madiun kehilangan salah satu anggotanya yang berprestasi. Iptu Rochmat Tri Marwoto yang dikenal sebagai bapak asuh bagi 92 anak yatim, tutup usia."
330,Islam dan Keluarga Obama,Meskipun mayoritas masyarakat AS non muslim. Akan tetapi ada yang menarik dari mantan presidennya yang berkaitan dengan kisahnya soal Islam.
331,"Daftar 20 Warga Jambi di Turki, Seluruhnya Selamat dari Gempa M 7,8",Pemprov Jambi telah mendata 20 orang warganya yang ada di Turki. Seluruh warga Jambi ini dinyatakan selamat dari gempa M 7.8 yang terjadi di sana.
332,Prof Aras Akui Luluskan 92 Mahasiswa Titipan saat Jabat Rektor Unri,"Mantan Rektor Unri, Prof Aras Mulyadi mengaku jika dirinya meloloskan 92 dari 111 mahasiswa titipan untuk bisa masuk ke kampusnya."
333,"Disebut Titip Mahasiswa Masuk Unila, Rektor Untirta Klarifikasi","Rektor Untirta, Fatah Sulaiman, menjelaskan soal dirinya menitipkan mahasiswa inisial NZ di Fakultas Kedokteran, Unila."
334,Miris! Tewasnya Taruna Poltekpel Surabaya Bermotif Pembinaan Senior,"Muhammad Rio Ferdinan Anwar, taruna Politeknik Pelayaran Surabaya meninggal di tangan seniornya, AF. Korban dianiaya hingga tewas dengan dalih pembinaan."
335,Kronologi Tewasnya Taruna Politeknik Pelayaran Surabaya Dianiaya Senior,Satu orang jadi tersangka tewasnya taruna Poltekpel Surabaya. Begini kronologi tersangka menganiaya korban hingga meninggal.
336,Mahasiswi Didorong Berani Bicara soal Dugaan Pelecehan Seksual di Unsil,Mahasiswa Unsil Tasikmalaya yang menjadi korban pelecehan seksual harus berani melaporkan apa yang dialaminya ke penegak hukum.
337,"Buntut Demo Mahasiswa, Majelis Wali Amanat UNS Akan Surati 2 Dekan",Majelis Wali Amanat (MWA) UNS akan mengakhiri polemik dengan mengirimkan surat kepada dua dekan yang sebelumnya telah mereka somasi.
338,7 Orang Diperiksa Polisi Buntut Keracunan Massal Mahasiswa Teknik UB,Polisi memeriksa 7 orang saksi terkait kasus keracunan massal mahasiswa Fakultas Teknik UB. Pemeriksaan itu bertujuan untuk mencari penyebab pasti keracunan.
339,Orang Tua Gantikan Mendiang Putranya Wisuda di UIN Walisongo Semarang,Alm. Hariyo Triyuli Subagio resmi menyandang gelar Sarjana Sosial setelah bertarung melawan kanker paru-paru dan merampungkan skripsinya di UIN Semarang.
340,"Sinkron Adalah: Pengertian, Manfaat, dan Contohnya dalam Berkomunikasi","Sinkron adalah bentuk komunikasi yang dilakukan oleh dua orang atau lebih untuk menyampaikan pesan, informasi, opini, dan lain-lain."
341,Mengenang Kerelaan Almarhum Iptu Rochmat Gadaikan Rumah Hidupi 92 Anak Asuh,Iptu Rochmat dan istrinya pernah memutuskan menggadaikan sertifikat rumah demi menyekolahkan anak asuh mereka. Kini sosok yang mulia itu telah berpulang.
342,Bamsoet Dukung Konsep Pemerataan Pendidikan Universitas Terbuka,Dunia pendidikan di Indonesia menempati peringkat ke-54 dari 78 negara di dunia.
343,8 Fakta Dosen Unsil Tasikmalaya Diduga Lecehkan Mahasiswi,Aksi dugaan pencabulan dilakukan seorang dosen di Kampus Universitas Siliwangi (Unsil) Tasikmalaya kepada mahasiswi. Berikut ini 8 faktanya.
344,"Daftar Jurusan yang Tidak Disesali Mahasiswa Setelah Lulus, Prospek Kerja Cerah?",Ada beberapa jurusan yang dinilai tidak disesali setelah mahasiswa lulus menurut survei. Apa saja jurusan yang dimaksud?
345,Berburu Beasiswa KIP-Kuliah? Begini Tips Lolos yang Mudah Dijalankan,KIP-Kuliah adalah bantuan pendidikan bagi mahasiswa yang memiliki keterbatasan finansial. Bagaimana cara mendapatkannya? Simak tips berikut ya.
346,Lulusan Jurusan Hubungan Internasional Bisa Jadi Apa Saja? Begini Prospeknya,"Jelang penerimaan mahasiswa baru di berbagai kampus, yuk kenali prospek karier lulusan jurusan hubungan internasional di sini."
347,"Jalan Panjang Kasus Tewasnya Mahasiswa UI, Kini Penyidik Disidang Etik",Mahasiswa UI yang tewas terlindas mobil purnawirawan polisi sempat dijadikan tersangka. Kasus ini ternyata berkelanjutan.
348,"Ngeri! Cerita Mahasiswa Indonesia Detik-detik Gempa M 7,8 di Turki","Gempa berkekuatan M 7,8 Senin (5/2) di Turki, menewaskan ribuan orang. Detik-detik gempa dasyat itu diceritakan oleh Taj Yazi Fariq. Mahasiswa asal Indonesia."
349,Kesaksian Warga Sukabumi Diguncang Dahsyatnya Gempa Turki,Seorang Warga Negara Indonesia (WNI) asli Sukabumi memberikan kesaksian saat dirinya diguncang dahsyatnya gempa Turki. Bagaimana kisahnya?
350,Pemprov Pastikan Mahasiswa Asal Jambi di Turki Selamat dari Gempa,Pempro Jambi menegaskan mahasiswa asal Jambi yang saat ini berada di Turki selamat dari gempa dahsyat yang melanda negara tersebut.
351,"Pukuli Panitia Bedah Buku UINSA, Pesilat PSHT Jadi Pesakitan di PN Surabaya",Dua pesilat menjalani sidang penganiayaan yang dilakukan terhadap panitia bedah buku di UINSA. Mereka didakwa Pasal Pasal 170 ayat (2) Ke-1 KUHP.
352,Mahasiswa Maling Motor di 21 Tempat Diringkus,Mahasiswa asal Jember diringkus Polsek Klungkung setelah melakukan pencurian sepeda motor. Ia ternyata spesialis curanmor.
353,Jabar Hari Ini: Dugaan Kasus Pelecehan Seksual di Unsil Tasikmalaya,"Ragam peristiwa terjadi di Jabar hari ini, Rabu (8/2). Mulai dugaan pelecehan seksual di Universitas Siliwangi (Unsil)  hingga kasus DBD di Sukabumi."
354,Cerita Sedih Warga Semarang yang Anaknya Jadi Korban Gempa Turki,"Warga Semarang, Rusmanto (48) menceritakan kondisi anaknya yang jadi korban gempa dahsyat di Turki pada Senin (6/2) lalu. Begini penuturan Rusmanto."
355,Polisi Mulai Usut Dugaan Pembiaran AKBP Purn Eko di Kecelakaan Hasya,Polisi mulai mengusut dugaan pembiaran AKBP Purn Eko Setio BW di kasus kecelakaan Hasya. Reserse dilibatkan dalam penyidikan ini.
356,KPK Analisis Perwira Polisi Ngaku Titip Anak di Unila Pakai Mahar Rp 150 Juta,Perwira Polisi Kombes Joko mengaku menitip anaknya agar bisa masuk Fakultas Kedokteran Unila dengan mahar Rp 150 juta ke eks Rektor Unila Prof Karomani.
357,Penyidik Kasus Mahasiswa UI yang Tewas Kecelakaan Disidang Etik,Polda Metro mengatakan penyidik kasus kecelakaan yang melibatkan purnawirawan polisi dan mahasiswa UI disidang kode etik.
358,Komisi III DPR Apresiasi Kapolri Cabut Status Tersangka Mahasiswa UI,"Wakil Ketua Komisi III DPR RI Ahmad Sahroni mengapresiasi langkah Kapolri dan jajaran Polda Metro mencabut status tersangka Mahasiswa UI, Hasya."
359,Ahli Hukum Gelar Sosialisasi Ide Dasar KUHP Nasional ke Masyarakat,"Rektor Unipa, Meky Sagrim mengatakan pembaharuan sistem hukum nasional melalui KUHP yang merupakan hasil karya bangsa sendiri ini akan berlangsung baik"
360,Penyidik Kasus Hasya Mahasiswa UI Jadi Tersangka Disidang Etik,Penyidik yang menangani kasus mahasiswa UI tewas kecelakaan menjadi tersangka menjalani sidang etik. Ini alasannya.
361,Siapa Gubernur Paling Ramai Dibicarakan di Medsos?,Media sosial sekarang menjadi tolak ukur pembentukan opini di masyarakat. Siapakah kepala daerah paling banyak dibicarakan di media sosial?
362,"Mahasiswa RI Korban Gempa Turki Kini Ngungsi di Wisma KBRI, Begini Kondisinya","Ketua PPI Kahramanmara, mengungkap kondisi mahasiswa asal RI korban gempa di Turki. Dia menyebut sekitar 80 mahasiswa sudah dievakuasi ke Wisma KBRI di Ankara."
363,Kisah Warga Sukabumi di Turki Saat Gempa Dahsyat Mengguncang,Gempa dahsyat yang mengguncang Turki turut dirasakan Sausan Amalia. Warga Sukabumi yang tengah merantau merasakan getaran kuat.
364,"Masya Allah, Mahasiswa Penyandang Tunanetra Ini Langganan Juara MTQ Internasional","Ayu Fajar Lestari berhasil menyambangi lomba MTQ nasional maupun internasional. Mahasiswi itu diketahui belajar Al-Qur'an sejak berusia 3,5 tahun."
365,"Contoh Laporan PKL, Format, dan Cara Membuatnya","Masih bingung bagaimana cara membuat laporan PKL? Jangan khawatir, simak contoh laporan PKL, format, dan cara membuatnya di sini."
366,"Puncak 1 Abad NU Sisakan 600 Ton Sampah, Gus Muhdlor: Sudah Teratasi 80%",Bupati Sidoarjo Gus Muhdlor memerintahkan ASN untuk terjun membantu Petugas Dinas Lingkungan Hidup dan Kebersihan bersih-bersih sampah sisa Puncak 1 Abad NU.
367,Penyidik di Kasus Mahasiswa UI Tewas Kecelakaan Jadi Tersangka Disidang Etik,"Status tersangka Hasya, mahasiswa UI yang tewas kecelakaan telah dicabut. Sementara penyidik disidang kode etik karena menyalahi prosedur penetapan tersangka."
368,Kondisi Para Mahasiswa RI di Turki Pascagempa hingga Dievakuasi ke Ankara,Kondisi terkini para mahasiswa Indonesia pascagempa Turki. Mereka sedang dievakuasi ke Ankara.
369,Perlawanan Menyikapi Kasus Dugaan Dosen Lecehkan Mahasiswi Unsil,Suara atau perlawanan terhadap dugaan pelecehan yang dilakukan oknum dosen Universitas Siliwangi (Unsil) kepada mahasiswi digaungkan. Baliho dipajang di kampus.
370,5 Contoh Artikel Ilmiah Singkat yang Benar untuk Tugas Kuliah,Bingung ketika mengerjakan artikel ilmiah untuk tugas kuliah? Simak 5 contoh artikel ilmiah singkat yang benar.
371,Pengakuan Mahasiswi UB Alami Keracunan Massal Usai Makan Nasi Bungkus,Ratusan mahasiswi Fakultas Teknik UB dilaporkan mengalami keracunan massal saat KKM. Ini pengakuan salah satu korban yang sempat mengalami diare.
372,"BRIN, Kartu Kuning, dan Aset Riset",Aset riset yang tak dialihkan dan ditinggalkan perisetnya berpotensi mangkrak. BRIN sudah menggantinya dengan fasilitas lab terbaru.
373,Tersangka Tewasnya Taruna Politeknik Pelayaran Surabaya Senior Korban,"Polisi menetapkan satu orang jadi tersangka tewasnya Muhammad Rio Ferdinan Anwar (19), taruna Politeknik Pelayaran Surabaya. Tersangka adalah senior korban."
374,"Geger Dosen Unsil Diduga Lecehkan Mahasiswi, Kampus Buka Suara","Dugaan pelecehan seksual oleh seorang dosen terhadap mahasiswi membuat heboh Kampus Universitas Siliwangi (Unsil) Tasikmalaya, Jawa Barat. Begini kejadiannya."
375,Satu Orang Jadi Tersangka Tewasnya Taruna Politeknik Pelayaran Surabaya,"Satu orang jadi tersangka tewasnya Muhammad Rio Ferdinan Anwar (19), taruna Politeknik Pelayaran Surabaya. Tersangka adalah senior korban."
376,"Geger Dosen Diduga Lecehkan Mahasiswi, Universitas Siliwangi Buka Suara",Kasus dugaan pelecehan seksual yang dilakukan seorang dosen Universitas Siliwangi (Unsil) Tasikmalaya terhadap mahasiswi bikin geger.
377,"Cerita Mahasiswa RI saat Gempa di Turki, Berharap Segera Dievakuasi","Taqqiya, Mahasiswi asal Indonesia yang berkuliah di Kota Adana, Turki menceritakan momen gempa M 7,8 pada Senin (5/2/23)."
378,"Beasiswa S1 dan Sarjana Terapan ITS Akan Dibuka, Begini Seleksi dan Jadwalnya",Ada beasiswa S1 dan Sarjana Terapan di ITS bagi calon mahasiswa yang akan mendaftar di Seleksi Mandiri dan Seleksi Vokasi Mandiri ITS 2023.
379,Heboh Dosen Unsil Tasikmalaya Diduga Lecehkan Mahasiswi,Kampus Universitas Siliwangi (Unsil) Tasikmalaya dihebohkan dengan kasus dugaan pelecehan seksual yang dilakukan seorang dosen terhadap mahasiswi.
380,"Program Praktisi Mengajar 2023 Beda dengan Tahun Lalu, Ini Kata Kemendikbud",Program Praktisi Mengajar tahun ini berbeda dengan tahun lalu. Simak informasi resmi dari Kemendikbudristek!
381,"Pilu Suriah Dilanda 'Krisis di Dalam Krisis' Usai Gempa M 7,8",Kota Aleppo yang dilanda perang di Suriah adalah salah satu tempat yang terkena dampak gempa mematikan. Kini negara itu dilanda 'krisis di dalam krisis'.
382,"10 Jurusan Kuliah Ini Punya Prospek Gaji Terendah, Ada Jurusanmu?",Berikut ini 10 jurusan kuliah yang disesali mahasiswa karena bergaji rendah.
383,"UB Klaim Mahasiswa Keracunan Cuma 11, Sisanya Ada yang Psikosomatik","Universitas Brawijaya mengklaim mahasiswa yang keruacunan saat KKM hanya 11 orang, bukan ratusan. Lainnya ada yang alami psikosomatik."
384,"Peserta yang Lulus SNMPTN/SNBP Tidak Bisa Ikut UTBK-SNBT, Ini Ketentuannya",Salah satu ketentuan dari SNPMB 2023 adalah peserta yang lulus dalam SNMPTN/SNBP tidak bisa mengikuti UTBK SNBT. Cek kembali syaratnya!
385,Keluarga Gunakan Kapak-Linggis untuk Cari Korban Usai Gempa Turki,Jumlah korban jiwa gempa di Turki-Suriah mencapai 7.8000 orang. Kerabat korban mencari yang terperangkap di bawah reruntuhan dengan memakai linggis dan kapak.
386,"Bukan 510, UB Klaim Cuma 11 Mahasiswa yang Keracunan Saat KKM di Malang",Universitas Brawijaya (UB) merespons ratusan mahasiswa Fakultas Teknik keracunan saat Kemah Kerja Mahasiswa (KKM). UB menyebut hanya 11 mahasiswa keracunan
387,Jangan Sampai Ketinggalan! Cek Lagi Agenda SNPMB untuk 8-9 Februari 2023,"Pada 8-9 Februari 2023, beberapa agenda terkait SNPMB akan segera berakhir. Cek kembali jadwal SNBP dan SNBT!"
388,"Masuk Tahun Politik, Diaspora Indonesia Serukan Persatuan Lewat Budaya","Tahun 2023 disebut sebagai 'tahun politik'. Untuk itu, masyarakat diaspora Indonesia di Amerika Serikat menyerukan pesan persatuan melalui seni budaya."
389,Mahasiswa Tidak Terbiasa Sarapan? Tim ITS Ciptakan Aplikasi yang Bisa Jadi Solusi,Mahasiswa ITS gagas aplikasi Sarapan yang berfungsi untuk mengatasi mahasiswa yang sulit sarapan.
390,"Kisah Wanita Tolak Gaji Rp 4,4 M Demi Kuliah di Oxford, Jadi Kontroversi",Prestasi itu pun membuatnya jadi perbincangan setelah justru mendapat serangan dari netizen yang tidak percaya.
391,Makan Malam Saat Kemah Berujung Ratusan Mahasiswa Teknik UB Keracunan Massal,Ratusan mahasiswa Fakultas Teknik UB keracunan massal saat mengikuti KKM di Malang. Keracunan massal ini membuat pihak kampus menghentikan KKM.
392,Contoh Kerja Sama Bilateral-Regional-Multilateral Indonesia dengan Negara Lain,"Apa saja contoh kerja sama bilateral, contoh kerja sama regional dan contoh kerja sama multilateral Indonesia dengan negara lain? Simak penjelasannya di sini!"
393,Kala Hakim Marahi Kombes yang Titip Anaknya Masuk Unila Lewat Jalur Suap,"Kombes Joko, mantan Dirrkrimum Polda Banten dimarahi hamkim saat bersaksi di kasus suap Unila. Joko dinilai berbelit-belit memberi keterangan."
394,26 Contoh Kata Penutup Pidato untuk Segala Acara: Struktur dan Jenisnya,Penutup adalah truktur Pidato yang sangat penting. Penutup juga bisa menjadi penentu pidato kita berkesan. Berikut contoh kata penutup pidato yang baik.
395,Mahasiswa Universitas Negeri Malang Ditemukan Tewas di Kamar Kos,"Seorang mahasiswa asal Blitar ditemukan tewas di kamar kosnya di Kota Malang. Sebelum ditemukan tewas, korban diketahui tak keluar selama empat hari."
396,Ratusan Mahasiswa Teknik UB Keracunan Saat Kemah di Malang,"Ratusan mahasiswa FT UB keracunan massal di Desa Jedong, Wagir, Kabupaten Malang. Mereka sedang mengikuti Kemah Kerja Mahasiswa ke-43."
397,"Ratusan Mahasiswa Keracunan Massal, UB Hentikan Kemah Kerja Mahasiswa",Kegiatan KKM Fakultas Teknik Universitas Brawijaya terpaksa dihentikan. Itu setelah ratusan mahasiswa mengalami keracunan akibat makanan yang dikonsumsi.
398,Detik-detik Ratusan Mahasiswa Teknik UB Keracunan Massal Saat KKM di Malang,Ratusan mahasiswa Fakultas Teknik Universitas Brawijaya keracunan massal. Berikut kronologi keracunan massal berdasarkan hasil penyelidikan Polres Malang.
399,"Versi Polisi 360 Mahasiswa Teknik UB Keracunan, Sisa Makanan Dikirim ke Lab",Ratusan mahasiswa Fakultas Teknik Universitas Brawijaya (FT UB) keracunan massal saat mengikuti KKM. Polisi menyebut ada 360 mahasiswa yang keracunan.
400,510 Mahasiswa Teknik UB Keracunan Massal Saat KKM di Wagir Malang,"Ratusan mahasiswa Fakultas Teknik UB alami keracunan massal. Peristiwa itu terjadi saat para mahasiswa melakukan Kemah Kerja Mahasiswa (KKM) di Wagir, Malang."
401,Contoh Geguritan Bahasa Jawa dengan 3 Tema Berbeda,"Masyarakat Jawa sudah tak asing dengan istilah geguritan, termasuk warga Jatim. Untuk lebih jelasnya, berikut contoh geguritan bahasa Jawa dari 3 tema berbeda."
402,"Taruna Poltekpel Surabaya Tewas Diduga Dianiaya Senior, Ekshumasi Digelar",Polisi menggelar ekshumasi terhadap jenazah Muhammad Rio Ferdinan Anwar (19) yang tewas diduga karena dianiaya seniornya.
403,Siapa Penemu Telepon yang Asli? Mengenal Antonio Meucci,Apakah kamu tahu siapa penemu telepon yang asli? Simak sejarah penemu telepon dan biografinya di sini!
404,Sederet Kegiatan Digelar di Gedung PYCH Jelang Diresmikan Jokowi,Gedung ini nantinya akan digunakan dan dimanfaatkan oleh Papua Muda Inspiratif (PMI) untuk menjalankan program kerjanya.
405,"Pelajar RI Korban Gempa Turki M7,8: Apartemen Ambruk, Ngungsi ke Kampus","Ini kesaksian pelajar Indonesia korban gempa Turki M7,8. Apartemen yang ditempati beberapa mahasiswa Indonesia ambruk, dan mereka harus mengungsi ke kampus."
406,Ekshumasi Digelar Ungkap Penyebab Tewasnya Taruna Poltekpel Surabaya,Makam Almarhum Taruna Politeknik Pelayaran Surabaya yang diduga tewas dianiaya senior dibongkar. Autopsi dilakukan di sekitar area makam.
407,6 Pendaki Gunung Lamongan yang Kurang Ajar Dihukum 2 Hari Bersih Sungai,Enam pendaki Gunung Lamongan berperilaku kurang ajar. Mereka menipu tim SAR dan karena ulahnya itu harus berakhir membersihkan sungai.
408,"Kampus Horizon Karawang Lebih Besar, Resmikan Gedung-Fasilitas Baru",Horizon Karawang terus berbenah untuk menjadi salah satu kampus terbaik di Jawa Barat.
409,Warga Harap Lokasi Sekitar Kecelakaan Hasya Diberi Rambu-Tambah Penerangan,Diana berharap pihak kampus ISTN juga dapat memangkas pohon yang dahan dan daunnya menutupi lampu penerangan jalan.
410,"Berbelit, Kombes Joko Sumarno Disemprot Hakim Sidang Suap Karomani",Kombes Joko Sumarno disemprot hakim pada sidang kasus suap Rektor Unila Karomani. Mantan Kabid TIK Polda Lampung itu dinilai berbelit saat memberi kesaksian.
411,Kombes Joko Sumarno Akui Titip Anak-Setor Duit Rp 150 Juta ke Eks Rektor Unila,"Mantan Kabid TIK Polda Lampung, Kombes Joko Sumarno mengaku menyetorkan uang Rp 150 juta agar anaknya lolos PMB Unila. Uang itu diserahkan ke eks Rektor Unila."
412,Sumur Resapan di Kecelakaan Mahasiswa UI Vs AKBP Purn Eko Kini Diaspal,Mahasiswa UI tewas setelah motor yang dikendarainya tertabrak Pajero AKBP Purn Eko di Jaksel. Sumur resapan di TKP kecelakaan kini sudah diaspal.
413,"Intip Wajah Baru Fasilitas Solo Technopark, Ikon Kota Solo yang Modern",Solo Technopark yang diresmikan oleh Presiden Joko Widodo pada 2009 lalu dan mengalami peremajaan baru-baru ini.
414,Kombes Joko Sumarno Ngaku Titip Anak di Unila dengan Mahar Rp 150 Juta,"Mantan Kabid TIK Polda Lampung yang kini menjabat Widyaiswara Muda Sespimmen Lemdiklat Polri, Kombes Joko Sumarno juga menitip anaknya masuk Unila jalur suap."
415,2 Jempol Legislator ke Polri Usai Status Tersangka Mahasiswa UI Dicabut,"Status tersangka mahasiswa UI, korban tewas kecelakaan yang melibatkan purnawirawan Eko Setio Budi Wahono, dicabut. Habiburokhman mengapresiasi langkah itu."
416,"Mahasiswa di Surabaya Tewas Dianiaya, Ini 7 Hal yang Diketahui",Mahasiswa di Surabaya tewas diduga dianiaya senior. Orang tua korban mendapati adanya kejanggalan. Kini polisi masih melakukan pemeriksaan dan penyelidikan.
417,"Gempa Turki-Suriah Renggut 3.500 Nyawa, Penyelamat Berpacu dengan Waktu",Jumlah korban jiwa di Turki-Suriah mencapai 3.500 orang. Tim penyelamat berpacu dengan waktu untuk menyelamatkan mereka yang terperangkap di bawah reruntuhan.
418,Daftar 46 Istilah dalam Dunia Perkuliahan: Asdos hingga Yudisium,"Banyak istilah baru yang akan kamu temui di dunia perkuliahan. Agar tidak bingung, berikut daftar istilah-istilah dalam perkuliahan."
419,7 Fakta Kecelakaan Maut Mahasiswa UI hingga Status Tersangka Dicabut,"Polda Metro mengakui ada kesalahan prosedur dalam penetapan tersangka mahasiswa UI, Hasya, korban tewas kecelakaan. Status tersangka Hasya kini dicabut."
420,"10 Jurusan Kuliah yang Disesali Para Alumni, Ada Jurusanmu?",Ada 10 jurusan yang disesali para alumni selepas lulus. Ini alasannya.
421,"Ada Peminatan Baru di Jurusan Komunikasi Unair, Untuk Kerja di Pemerintahan-NGO Nih!",Jurusan Ilmu Komunikasi Unair membuka peminatan baru untuk memfasilitasi kemampuan komunikasi di bidang pemerintahan maupun lembaga sosial. Apa itu?
422,Kematian Janggal Mahasiswa Politeknik Pelayaran Surabaya di Tangan Senior,Seorang mahasiwa Politeknik Pelayaran Surabaya ditemukan tewas dengan sejumlah luka janggal. Dia diduga dianiaya seniornya.
